instance_name,length,width,hollowness
paper_box_4_6,0.7897147666423174,1,0.1812547608276073,0
bowl_2_1,0.9615971237722744,1,0.4638086564509995,0.9572691064730339
metal_box_2_2,0.9860110305738397,1,0.7215689040814973,0
book_5_10,1,0.7146106563262962,0.0786523229929628,0
book_8_5,0.7502979160346854,1,0.1127791797544081,0
metal_box_8_4,0.9081100422756841,1,0.4700896331114011,0
book_10_6,0.7392132359158052,1,0.2527966771568333,0
plastic_box_9_4,0.9101275706136848,1,0.5639715987710651,0
cup_8_2,0.6483311170610435,0.5720176517614879,1,0.9573272366537883
plastic_box_3_7,0.4043879868409532,0.7001345559800144,1,0
sponge_8_6,0.3586397598462107,1,0.1844196756913734,0
cup_8_7,0.6168197436072672,0.544185403858668,1,0.9626376973118971
cup_2_3,0.6741094273653238,1,0.6695830543859013,0.9734512769398834
plastic_box_3_5,0.3995268606870712,0.718439627284837,1,0
plate_1_4,0.9196706489835893,1,0.1191343897453301,0.8366207413276817
bowl_7_5,0.9622275544131261,1,0.7138748798694323,0.9362251921196959
plastic_box_6_5,1,0.9520822345777222,0.3994085636480963,0
bowl_9_2,0.9680369393777213,1,0.5649072460734961,0.9299860385380746
bowl_9_6,0.9893979519608168,1,0.5800177471401993,0.9298798579369122
metal_box_5_5,1,0.7428257363035949,0.3820147642077074,0
plate_2_2,0.9345559582424836,1,0.1197622748266037,0.7265483172679323
ball_7_9,0.6351805047567968,1,0.9384499915991459,0
to_go_cup_5_2,0.9817313710286274,1,0.8457524554540216,0.9995895821167136
sponge_2_7,0.5634126244933233,1,0.223552216155756,0
cup_3_4,0.8575803646534863,0.8093016054868325,1,0.9066657229417485
ball_5_6,0.6317477418649089,1,0.8854103080932397,0
sponge_3_9,1,0.8662889357837162,0.289256222870132,0
sponge_7_10,0.7535021583301922,1,0.4061451025924023,0
cup_3_3,0.8671989580203268,0.7957008423256594,1,0.9228157726703303
metal_box_8_6,0.9167088591305675,1,0.4462375841001934,0
sponge_4_6,0.8359095168227385,1,0.3241256578117808,0
tray_5_3,0.6816658210097941,1,0.1253387021390995,0
plastic_box_7_5,0.8199802841130184,0.867572428042955,1,0
book_1_9,1,0.6813557703145495,0.2259596012411346,0
tray_4_7,0.6681534146262312,1,0.1271848599499451,0
cup_2_8,0.6762891672673668,1,0.6728149778877438,0.9734814836936496
sponge_8_5,0.3555679213264291,1,0.1795531853476997,0
tray_5_10,0.7142392815177199,1,0.1187499009056781,0
tray_1_2,0.9953973372851278,1,0.1083217225999477,0
sponge_7_2,0.753488933294815,1,0.4187865105815514,0
plate_3_3,0.9813420396937196,1,0.1217652541942864,0.7892918994526505
tray_6_7,0.8337858124560595,1,0.08468325937495558,0
paper_box_6_2,0.533396812382345,1,0.2513568723096629,0
plate_7_2,1,0.9809842841756001,0.09863821873633785,0.6319738286695801
to_go_cup_6_9,0.8359807672099836,0.8651102628917594,1,0.8977874626534206
paper_box_9_7,0.3400468738709804,0.6755414713444655,1,0
book_3_4,0.688800626566479,1,0.1606787177642549,0
tray_6_3,0.8256652970358056,1,0.0847424048309577,0
ball_8_7,0.6869516893578481,1,0.8346077195982248,0
sponge_9_4,0.5995273209989531,1,0.3031090835867871,0
plastic_box_4_3,0.8956558709080098,0.9241234942851111,1,0
book_7_1,0.6801921096713439,1,0.07031269099244196,0
metal_box_7_6,0.7822720273883321,0.6888359353137217,1,0
sponge_10_8,0.8973138968811801,1,0.1399087057703118,0
book_7_10,0.6738034080541215,1,0.06587287996411471,0
book_10_10,0.7320898736778684,1,0.2492921702783946,0
bowl_1_8,0.5674439545587313,1,0.4431537799454884,0.8867724049012033
bowl_1_9,0.5672982102197724,1,0.4482304715851826,0.8865290717929379
cup_1_9,0.6018779687501392,0.6275185477448114,1,0.897944127477593
sponge_2_2,0.5651788068517377,1,0.2232967659261029,0
plate_4_4,0.956374042784022,1,0.1475844166060681,0.8000566109471988
to_go_cup_10_1,0.8886651554906468,0.9156080385979135,1,0.7928746165460946
bowl_7_8,0.9927462049049207,1,0.7388604689911005,0.9364462026639249
cup_2_4,0.6694784879086264,1,0.6679826625227127,0.9734512769398834
plastic_box_4_6,0.8345011511992667,0.8834256749409227,1,0
paper_box_5_5,0.5125541549675494,1,0.5807820602951514,0
plastic_box_9_8,0.8821309376368421,1,0.542311113905111,0
plate_9_7,0.8849717139354815,1,0.186175052400597,0.9490739791645322
plastic_box_4_8,0.8829845537811215,0.8892718127656483,1,0
cup_8_1,0.5623226616818321,0.5242416716052877,1,0.9648102649669579
tray_5_7,0.7224122883763624,1,0.1150535301415021,0
ball_3_10,0.6323910956733624,1,0.8144480714265936,0
plastic_box_1_8,1,0.9944194756206687,0.6115021008565852,0
to_go_cup_6_6,0.8622084342230922,0.8788196200064973,1,0.8975641415347696
plate_4_9,0.9675604465794622,1,0.1529308831944067,0.807046635635483
plastic_box_6_4,1,0.9539326050074182,0.4185617337848102,0
sponge_9_6,0.6035729503218192,1,0.3124315109224562,0
bowl_4_4,0.9939978301981871,1,0.5741788248685373,0.9299126616088245
sponge_8_3,0.3554249930627149,1,0.1776399662680148,0
plate_9_6,0.8983005589686912,1,0.1900104708539764,0.9494554958343396
plastic_box_8_8,0.685620240555835,1,0.3658735760863909,0
book_8_3,0.7524124268755892,1,0.1031049590162514,0
plate_8_6,0.9612840674212921,1,0.2061291889045153,0.8773433675823923
sponge_3_3,1,0.8312914820757438,0.29329677740064,0
plastic_box_5_4,1,0.8911431229745573,0.3276644020796288,0
plastic_box_2_8,0.7844570818032458,1,0.4901850869335765,0
book_6_10,0.7225887642741466,1,0.1309437560601019,0
plastic_box_10_1,0.7748837882337176,1,0.3883068908785008,0
book_1_1,1,0.6821966427062829,0.2233903877103101,0
plastic_box_1_1,1,0.9994724354674799,0.5961682794120543,0
plastic_box_10_8,0.7627525302342935,1,0.3767069433053607,0
book_3_9,0.6924278886574207,1,0.1684486222438204,0
tray_5_9,0.708203473033078,1,0.1148066713786056,0
to_go_cup_10_10,0.9407877617457127,0.851703407164787,1,0.8015853613093558
to_go_cup_7_2,0.767142348846891,0.7672869485814288,1,0.9877038916538674
paper_box_10_2,0.9094918617824974,1,0.5027547579558522,0
to_go_cup_5_10,0.990634413776784,1,0.8546910021243729,0.9995901913192821
bowl_4_8,0.9964422597388756,1,0.5622451908107272,0.9278738746118899
to_go_cup_1_2,0.6076298721250314,0.6152183173046226,1,0.8969671097254203
metal_box_8_3,0.9182596824188982,1,0.4514017266653984,0
to_go_cup_9_8,0.5860090033023154,0.6129286004697201,1,0.9902720474160468
bowl_7_4,0.9522238983574915,1,0.7267015844163145,0.936143145205923
bowl_8_5,0.9937752511072011,1,0.4321347395217747,0.928251546186215
paper_box_5_10,0.5168293520486397,1,0.5843609025798762,0
sponge_10_4,0.9054382062547982,1,0.1325518170284612,0
bowl_3_9,0.9518534421602958,1,0.5298497345513763,0.7999863904673399
book_10_1,0.7342831575014762,1,0.2529909608085562,0
metal_box_2_6,0.9370994249940928,1,0.702221176062005,0
book_5_1,1,0.7093029336288661,0.06475618995870074,0
plastic_box_9_2,0.8875643924415257,1,0.5632568427150737,0
to_go_cup_2_3,0.7841831740522341,0.8073991232840437,1,0.885338823510141
book_5_7,1,0.7013585110838175,0.05487024339293738,0
paper_box_7_10,0.5356186388553602,1,0.2010521071973225,0.5025203725696668
to_go_cup_8_7,0.6168197436072672,0.544185403858668,1,0.9626376973118971
sponge_4_5,0.8338603320429419,1,0.3185561943385166,0
tray_7_6,0.5893256957084727,1,0.07990067455704974,0
paper_box_2_10,0.2706189119111269,0.6691461048030765,1,0
cup_3_6,0.8591402687077313,0.8058583919273496,1,0.9217629347577144
book_10_2,0.7351610842824254,1,0.2562851822269516,0
bowl_6_4,1,0.9508154207835985,0.5240052521930078,0.8718250289564227
ball_10_2,0.996796072765551,1,0.9356037203636186,0
ball_7_3,0.6587188568105871,1,0.936088283148555,0
plate_3_10,0.9787499481031701,1,0.1023961597603993,0.7497230430794126
to_go_cup_8_5,0.5883693895849764,0.5665862154292397,1,0.9632349766953437
bowl_2_6,0.948805834929502,1,0.473089731850277,0.9586660122219866
plate_5_7,0.9663781775867591,1,0.1047501730571296,0.8144549954968334
book_4_2,0.7536211890718162,1,0.09844270325612788,0
book_9_2,0.706332478415188,1,0.09557584537546261,0
bowl_6_8,0.9777384529757835,1,0.5181218897215651,0.8718250289564227
bowl_7_2,0.9596972859694749,1,0.7330730063325588,0.9366730074795745
plate_6_1,0.9894330859424406,1,0.09857061152873735,0.5374211268960217
paper_box_3_4,0.6477181274805763,1,0.2792881613800601,0
plate_8_3,0.9641850715710288,1,0.2050590127264716,0.8763545757155634
book_6_2,0.7095765518840287,1,0.1285854669960306,0
cup_5_4,0.9323389849458406,1,0.84566017323135,0.9995901913192821
cup_2_1,0.6730671762014641,1,0.6691003097512773,0.9734613013770794
cup_4_2,0.5571615446226583,0.6549360736496233,1,0
metal_box_3_7,0.9473227820122767,1,0.3346586728708068,0
bowl_10_10,0.9260235282099494,1,0.5087473608476891,0.7000626016669144
plate_10_10,0.863874739018091,1,0.1131315351860909,0.8884286404807402
sponge_7_4,0.7572214958328755,1,0.4206165076966484,0
plate_5_5,0.9575867535097263,1,0.101569502135547,0.808720391082039
ball_9_9,0.8054063434743588,1,0.9869578908763919,0
book_5_8,1,0.7123804755577183,0.06213750983126414,0
sponge_8_7,0.3602672877897598,1,0.1792787184924443,0
ball_2_2,0.8415144637890206,1,0.994301960500681,0
tray_6_10,0.831320202080592,1,0.05879360931303611,0
metal_box_9_6,0.6243851487685589,1,0.3158354352122026,0
book_9_6,0.7172069794870062,1,0.09566703288308293,0
ball_1_1,0.6858711152902539,1,0.8749743942522409,0
sponge_3_10,1,0.8533320390621676,0.28853021990199,0
plastic_box_7_9,0.8028550856935468,0.8583373252434957,1,0
to_go_cup_1_10,0.6091355356489495,0.6075614276226311,1,0.8967203443068543
tray_2_2,0.9954802916480353,1,0.1017252529196574,0
paper_box_6_7,0.5504998652370285,1,0.2513470442310706,0
tray_9_10,0.5858221058960721,1,0.1282504780355589,0
ball_5_4,0.6287034163131763,1,0.8518581188194813,0
to_go_cup_3_5,0.8665005315259829,0.8011602611594418,1,0.922166257970079
sponge_1_10,0.6805888864790417,1,0.2425771452931066,0
plate_1_1,0.947781289824173,1,0.1203808949280542,0.8366207413276817
tray_7_7,0.5670169670186964,1,0.08348074609471585,0
metal_box_7_3,0.7780899142419296,0.6809808040526316,1,0
to_go_cup_3_3,0.8671989580203268,0.7957008423256594,1,0.9228157726703303
tray_10_1,0.6224271349811842,1,0.09489424757808637,0
to_go_cup_2_6,0.7737061183927623,0.7995067681037671,1,0.8868707507024283
ball_9_3,0.7595062732390706,1,0.9722185807384903,0
bowl_9_3,1,0.9992405405148795,0.6129301696045304,0.9329300127447683
plastic_box_6_9,1,0.9581613502860981,0.3894290264362884,0
paper_box_10_3,0.9043530973245885,1,0.5053829838671589,0
to_go_cup_3_10,0.8658329413021567,0.7944474498449303,1,0.9229373537030752
plastic_box_3_2,0.3979136370995383,0.7051805037254724,1,0
metal_box_2_4,0.9382853251884313,1,0.704023876698389,0
book_10_9,0.7408583573472385,1,0.2534424496915039,0
tray_7_5,0.5760778655504336,1,0.0799058073389205,0
sponge_1_4,0.647178640242224,1,0.2338236706162503,0
book_4_9,0.7556065622893101,1,0.1105642370214997,0.4472305966487219
plate_3_6,0.9766560131665699,1,0.1012125487812323,0.7465409267204058
metal_box_5_10,1,0.7683953467895873,0.3793900055086281,0
plate_8_9,0.9609864239910713,1,0.2053485782961978,0.8769776091842517
plate_7_1,1,0.982530445163389,0.1009227602918864,0.6907727257300781
bowl_8_1,0.9737430749755528,1,0.4359780825119822,0.9143358740451751
paper_box_1_8,1,0.7763464585741024,0.2618452694188108,0
paper_box_7_6,0.5445324588079477,1,0.1193642311948543,0
metal_box_4_1,0.9722802938308402,1,0.3970395410158047,0
to_go_cup_1_1,0.6118151352432702,0.624802865775166,1,0.8980821491596618
paper_box_1_2,1,0.7876218350018187,0.2626512786448216,0
bowl_8_2,0.9813271861488521,1,0.4360213302170346,0.9143358740451751
cup_9_5,0.6945017719199116,1,0.7791716500585985,0.8909818656708436
plastic_box_8_7,0.7161455653388548,1,0.3816451482108088,0
cup_4_8,0.556698053796127,0.673869336692059,1,0
paper_box_2_9,0.2543565515627463,0.6728240678693472,1,0
bowl_10_3,0.9267475779171925,1,0.5024089708698439,0.6975792002496681
tray_8_6,0.9768311346467651,1,0.1169535407968627,0
book_4_8,0.7557457313561615,1,0.09218096546296244,0
bowl_8_6,0.9742568637841468,1,0.4290005880237333,0.9128966517455529
book_6_5,0.7146898801456097,1,0.1246963926735157,0
book_7_7,0.6738900760282895,1,0.07056352812530871,0
bowl_7_3,1,0.9920806440633915,0.7478955934133256,0.9538704828779766
tray_1_7,1,0.9939587582968982,0.1031396830327908,0
plastic_box_5_5,1,0.8758213963514668,0.3287068906482146,0
book_2_6,1,0.6985574085357065,0.1976494522467202,0
book_2_8,1,0.6875206038164018,0.1985037043060744,0
ball_8_6,0.6318790499779225,1,0.8494878379292468,0
metal_box_8_10,0.9229522845025346,1,0.4657045421483164,0
cup_1_4,0.6140683632640436,0.6278626118815845,1,0.8965737522585648
sponge_5_4,0.9247968641647295,1,0.3549123876281015,0
book_9_7,0.705551391760344,1,0.09616073077153575,0
metal_box_3_3,0.9655567385735888,1,0.3364384084806962,0
to_go_cup_10_9,0.8799449338362347,0.8931153233826848,1,0.793220105545913
paper_box_8_5,0.3470614664519849,1,0.239240377637677,0
plate_5_3,0.9646998520821338,1,0.1031061736322603,0.8117457163866112
ball_5_10,0.5896030827267652,1,0.8337415783827232,0
to_go_cup_6_7,0.80444334963454,0.8785387494357783,1,0.9003435089131779
paper_box_9_6,0.3457793752798958,0.6803489738914523,1,0
bowl_4_10,0.998276614544127,1,0.5924695238333078,0.9318751052268216
metal_box_8_1,0.9206902349251493,1,0.4635693021019171,0
ball_9_1,0.7772749978939653,1,0.9304225223054947,0
ball_4_2,0.5097176249474982,1,0.8023332901739654,0
bowl_1_10,0.5785217050662698,1,0.4446988384003959,0.8841203494489502
paper_box_5_3,0.5236752801883107,1,0.5807728247439605,0
paper_box_6_1,0.532046854542854,1,0.2610647628035629,0
tray_10_6,0.621198960962288,1,0.09290752238956011,0
plastic_box_10_4,0.8213306999095213,1,0.3972505232314431,0
plate_1_5,0.9475883827445492,1,0.1219461851000634,0.8398644615052357
paper_box_3_7,0.6523656012656172,1,0.2858218634069011,0
bowl_1_1,0.4486488850533366,1,0.4547022426548686,0.8868320440649845
cup_9_4,0.6945762723390448,1,0.7768870919735907,0.8906612807843559
sponge_4_10,0.8410454020628687,1,0.319490954111875,0
plate_2_3,0.931347025593059,1,0.1171237041149861,0.7203879793026043
plate_3_8,0.9971973837430914,1,0.1026481538152301,0.7490573931555203
to_go_cup_9_1,0.6026361119440977,0.5893321152357507,1,0.9900640562598814
sponge_5_7,0.8931692166762858,1,0.3539628984111332,0
plastic_box_7_6,0.8157469731665264,0.8664040958678132,1,0
plate_10_7,0.8605649744730942,1,0.1102308727820081,0.8718433371283559
metal_box_3_4,0.9452670353562665,1,0.331020455517769,0
bowl_6_10,0.9807093157178052,1,0.4763339155311277,0.8413466462388907
cup_6_7,0.80444334963454,0.8785387494357783,1,0.9003435089131779
cup_8_3,0.5922811321942913,0.6016874750060903,1,0.9630928324449113
bowl_10_8,0.9232131649347664,1,0.5086338305635921,0.700971845541001
metal_box_1_6,0.9354754633019139,1,0.8277390267553941,0
book_1_7,1,0.6752126019817632,0.2234396860796657,0
bowl_2_10,0.9596284173658234,1,0.4719266562259357,0.9580915041753971
cup_6_10,0.8410381075256717,0.8603019747950755,1,0.8970997613280774
plate_5_9,0.9637759381711914,1,0.09974964093581595,0.8062593595090104
metal_box_5_7,1,0.7569340811619688,0.3833031682095734,0
to_go_cup_5_3,0.9359557210555245,1,0.835080656475874,0.9995833808593637
bowl_3_5,0.9297404567484038,1,0.5222940880288898,0.8004622561105162
book_6_6,0.7131144103819842,1,0.1281059264217506,0
cup_5_9,0.9225802032444365,1,0.8368262928687591,0.9995901913192821
to_go_cup_6_4,0.8373209967460254,0.8496749241027489,1,0.8975485140140381
to_go_cup_8_8,0.6133495944706892,0.5851847902676897,1,0.9439469909640261
cup_10_2,0.7616503796534905,1,0.7542514065213507,0.8875322051610132
tray_4_4,0.6742763397337482,1,0.1270170182492667,0
plastic_box_3_4,0.4099765101498744,0.7059214425611005,1,0
plastic_box_10_7,0.7822809161139839,1,0.4748400604761964,0
ball_2_10,0.8240660203189972,1,0.942257356537383,0
tray_6_4,0.826321633106651,1,0.08488204798459531,0
plate_8_7,0.9668724181093539,1,0.2074315371559225,0.878021492646007
bowl_10_1,0.9326848087913219,1,0.5081221678892917,0.6974639061348621
bowl_8_10,0.9416589706260743,1,0.4352306444778378,0.9283306890937972
paper_box_3_5,0.6568430240996612,1,0.284111221500602,0
ball_1_7,0.7331678195418998,1,0.9033926498860099,0
paper_box_4_8,0.7884050476091119,1,0.1825102327675663,0
metal_box_4_7,0.9547900139033666,1,0.3888063047453902,0
paper_box_5_7,0.5165575060214022,1,0.5765323810376565,0
tray_3_1,0.9529191283136403,1,0.08806925811147341,0
sponge_1_6,0.666268997756924,1,0.2513118072656639,0
to_go_cup_6_3,0.8454324636301741,0.8689376152646652,1,0.8975791277637749
plate_8_8,0.9623444849757837,1,0.2069072934698384,0.8777124341239709
to_go_cup_3_9,0.8507594625326198,0.7952919481386296,1,0.9228680910582326
metal_box_7_8,0.7950858988584147,0.6830943201608232,1,0
paper_box_2_1,0.2751123394177657,0.6796643565072685,1,0
tray_10_10,0.6221338068884694,1,0.09541292009581064,0
cup_6_8,0.8293729574572305,0.8648165833661141,1,0.8975479795929581
tray_6_9,0.8254853547901803,1,0.08737352123270498,0
cup_9_1,0.697951928151531,1,0.7709370014124423,0.8892819149088799
metal_box_9_2,0.6338287420892795,1,0.3127683729079665,0
sponge_8_8,0.349919009198402,1,0.1796867892849792,0
sponge_9_7,0.5881716669281906,1,0.3063698263531598,0
sponge_6_7,0.6853631647698919,1,0.432980570900211,0
paper_box_8_4,0.3374848898872574,1,0.2307468231698663,0
sponge_10_9,0.9030187328181171,1,0.1370200521479327,0
metal_box_5_9,1,0.760245415779551,0.3839339100158203,0
to_go_cup_6_10,0.8410381075256717,0.8603019747950755,1,0.8970997613280774
bowl_8_9,0.9687411830351706,1,0.4371684746976052,0.9291070577896003
ball_4_3,0.5396588081074134,1,0.8228589605399163,0
plate_7_7,1,0.9830262156760836,0.101364617467887,0.6418726090503183
cup_8_9,0.5549409603243679,0.5077650854399564,1,0.9651972543319942
plate_6_10,0.9935843401476818,1,0.1096598879472661,0.5856435014668346
book_4_6,0.7547344618827225,1,0.09866145091975737,0
paper_box_4_2,0.7963523906230449,1,0.184875525428781,0
ball_2_9,0.8118065505452877,1,0.9631327491230268,0
ball_9_5,0.7471004815738862,1,0.924394695432448,0
bowl_5_5,0.9141605299730039,1,0.4211219709226834,0.7680404033877216
sponge_3_1,1,0.841499780512541,0.291174410372883,0
paper_box_2_5,0.2524933491752285,0.6904092335617245,1,0
bowl_1_5,0.6453107327165988,1,0.4467426943225191,0.8864896868070627
bowl_9_5,0.9839976953760335,1,0.5731134836489178,0.9298697623563382
plastic_box_3_9,0.4006043199507509,0.693939994813555,1,0
sponge_8_9,0.348069271742371,1,0.1784824005458603,0
bowl_4_5,1,0.999415334113682,0.5776828337664324,0.930010724153305
book_1_3,1,0.6882001778737712,0.2302801735085063,0
ball_6_6,0.6781435319360861,1,0.9796344237945945,0
ball_6_7,0.6465368215322056,1,0.9742205018564684,0
book_3_6,0.6929448906992444,1,0.1607145234479733,0
ball_5_2,0.6084766246069439,1,0.9092824672454605,0
to_go_cup_7_3,0.7624912458192651,0.759023920146288,1,0.9878137081255458
tray_9_4,0.5750533148690694,1,0.1317965829102429,0
ball_4_5,0.5184189916042529,1,0.7719911202538147,0
book_4_4,0.7542715211638462,1,0.0989420006542321,0
plastic_box_8_4,0.7066699648778147,1,0.3794954164615977,0
sponge_7_3,0.7370414965379077,1,0.3969625299647878,0
ball_1_4,0.699427697550447,1,0.8768227637732403,0
ball_5_1,0.5896030827267652,1,0.877652514485758,0
tray_10_7,0.625903967969447,1,0.09545963567136688,0
to_go_cup_3_8,0.8832554896591119,0.7958313927499345,1,0.9228157726703303
metal_box_3_2,0.9496529416424202,1,0.331360799264578,0
plastic_box_4_1,0.9399356195177241,0.9477691425862349,1,0
ball_7_6,0.6647068447723665,1,0.9311621034652933,0
plate_9_10,0.8341322289154696,1,0.1910055562712395,0.9503778085366454
cup_3_8,0.8832554896591119,0.7958313927499345,1,0.9228157726703303
cup_4_5,0.5566172613557803,0.6805828886847219,1,0
to_go_cup_2_9,0.8246000360759629,0.848802352616847,1,0.8794368819090191
bowl_10_2,0.929938029017968,1,0.5116367206901974,0.6988622040590532
ball_8_3,0.619650688420774,1,0.9026843238496615,0
paper_box_8_1,0.3455384391630525,1,0.2414116540131564,0
bowl_9_7,0.9773259699660174,1,0.6244913166820264,0.936075860487946
cup_1_2,0.6076298721250314,0.6152183173046226,1,0.8969671097254203
ball_6_10,0.6231954220510966,0.9960403291185268,1,0
cup_10_10,0.7606807206514455,1,0.7246539071284219,0.8829664553799546
plastic_box_10_2,0.7555443319370568,1,0.3929037357751588,0
bowl_4_9,0.9861426140776267,1,0.5621749002543293,0.9284161111116793
paper_box_6_10,0.5317767191493776,1,0.2559366384304849,0
book_8_9,0.7514884358245264,1,0.108168757351664,0
metal_box_3_6,0.9560398748545281,1,0.3339677055564443,0
plastic_box_4_7,0.8628542964759971,0.9109278810317273,1,0
sponge_6_1,0.7021793573989769,1,0.4088834603006379,0
metal_box_2_1,0.9180504863490785,1,0.7096685014813495,0
tray_7_3,0.5796736295738408,1,0.08286805184111798,0
paper_box_2_2,0.250955609475266,0.6673985584720727,1,0
cup_10_8,0.7560348291681624,1,0.7432997735052417,0.8855288995619293
tray_8_7,0.9900214704207244,1,0.1255996153333766,0
cup_10_6,0.763961042122572,1,0.7271215301152338,0.8829819507407114
paper_box_4_5,0.7934427691815823,1,0.1836817690284927,0
plastic_box_5_6,1,0.8858941805687782,0.3481824539003595,0
to_go_cup_6_2,0.8438470028503002,0.8583625608759609,1,0.8977874626534206
to_go_cup_8_4,0.5855432795821489,0.5459607894938215,1,0.957290721243496
metal_box_9_1,0.6325027827969234,1,0.3160969896726997,0
plate_1_3,0.9399878210639036,1,0.1218094156750072,0.8398644615052357
plate_2_4,0.9354139592181494,1,0.1275777873195539,0.7430385147315671
sponge_4_8,0.8428673303658166,1,0.3192874932438389,0
tray_7_2,0.5590715322014299,1,0.1022717440224941,0.2958688248300402
ball_5_9,0.6306466721502187,1,0.9743828126510263,0
plastic_box_3_8,0.4005830067955209,0.7039481962558674,1,0
bowl_6_6,1,0.9417166721542869,0.4879472268520254,0.8453242537748888
sponge_10_2,0.9043045024737829,1,0.1421961138843847,0
plastic_box_9_10,0.9148235853980077,1,0.5801475765241881,0
paper_box_3_9,0.6618103731399844,1,0.2920475709269131,0
tray_6_1,0.8233034907558697,1,0.08450618797295507,0
ball_9_4,0.8001686922542816,0.9956059074449717,1,0
plastic_box_5_2,1,0.8575330720936621,0.3484538017067848,0
tray_8_9,0.983316892517826,1,0.1344959564174778,0
metal_box_6_4,0.9636831642981891,1,0.2261997651770542,0
book_1_6,1,0.6843380500689281,0.2263468489103366,0
paper_box_5_6,0.5349154688388074,1,0.5907770639340978,0
ball_3_2,0.628303632850227,1,0.7996877541481126,0
cup_2_5,0.6725379068348205,1,0.6695128776587964,0.9734512769398834
paper_box_1_3,1,0.7670015020625927,0.2611028959696556,0
sponge_2_5,0.5600041434919011,1,0.2075635480037687,0
ball_6_4,0.6437336227923418,1,0.9728743693120617,0
book_7_2,0.6813009314914636,1,0.07116166848691555,0
paper_box_9_8,0.3428044414161963,0.6800131541461156,1,0
bowl_6_7,0.9913207978081596,1,0.4771146012755923,0.8586891450459795
sponge_7_5,0.7760705613522283,1,0.4154899730165004,0
cup_4_3,0.5576978602474253,0.6832145722817426,1,0
plate_7_9,1,0.9994358463037573,0.1028316968870154,0.640220351069321
book_5_4,1,0.7129067781187478,0.06213750983126414,0
bowl_4_6,0.9904246982113276,1,0.5768399565704962,0.9300292507345986
paper_box_9_1,0.3394051159310056,0.6819792284584962,1,0
plate_3_4,0.9855811608694036,1,0.1076841783592901,0.7607099157272651
ball_2_6,0.7655169823481126,1,0.9016459236485648,0
to_go_cup_2_4,0.8147884456055109,0.863576225481391,1,0.8775037143439572
tray_5_8,0.7314527306092502,1,0.1155773900264429,0
plastic_box_8_1,0.6915708581240945,1,0.3641360416196046,0
metal_box_6_7,0.9625888933059475,1,0.226110735985907,0
ball_2_4,0.7985800764600423,1,0.9616361931157796,0
tray_4_10,0.6827402211057708,1,0.1262329331829377,0
plastic_box_7_10,0.8044457483123882,0.8554559818668293,1,0
ball_3_9,0.6254807745676888,1,0.8036721421959832,0
plate_9_8,0.8779746277020409,1,0.1814011831253967,0.9480281597928628
to_go_cup_10_6,1,0.8163485083800995,0.9111794203092772,0.7938901371137537
plate_7_5,1,0.980276705026297,0.09849971762376251,0.6319738286695801
plastic_box_7_2,0.8164016211693154,0.8688507748861287,1,0
plastic_box_4_4,0.9244903593304362,0.9884923692928587,1,0
plate_4_7,0.9629813561468564,1,0.144935631383367,0.7959060674540055
cup_7_4,0.7703076421030828,0.7689676532438124,1,0.9876769576278622
plastic_box_4_2,0.8988342559763475,0.925790483438652,1,0
book_3_2,0.6953642665341541,1,0.1555545167795253,0
tray_3_6,0.9467675686206913,1,0.08729906127287494,0
paper_box_7_1,0.541228080012549,1,0.1228671705628072,0
plastic_box_9_1,0.8884433910832595,1,0.5760047788438474,0
metal_box_2_5,0.9578013563104709,1,0.7078576280455249,0
metal_box_2_10,0.9124414548792554,1,0.6921725388568203,0
cup_9_9,0.6962013584788437,1,0.7701254564712129,0.8890898450767131
paper_box_5_4,0.5198336461964882,1,0.5833282798405537,0
ball_6_2,0.6720837562535132,0.9935441386863562,1,0
tray_8_1,0.9882511225125311,1,0.1246794843719765,0
book_6_9,0.7075559861098057,1,0.128987632208671,0
sponge_2_10,0.5658426565434087,1,0.199555961424662,0
book_2_2,1,0.6873934225217705,0.1954103030788044,0
book_6_4,0.7026040752200642,1,0.1241257957942815,0
book_7_8,0.6738393401092402,1,0.06648548200519397,0
paper_box_3_1,0.6552502230404681,1,0.2813999807700446,0
plastic_box_3_3,0.3984937393782334,0.7057835203552787,1,0
tray_4_5,0.6723626861718008,1,0.1236998652384343,0
book_5_3,1,0.7018120106141639,0.05711282484620498,0
ball_9_7,0.7773053778724978,1,0.9576976614217764,0
ball_1_3,0.704779097616888,1,0.9230214307664868,0
to_go_cup_4_8,0.556698053796127,0.673869336692059,1,0
tray_8_2,0.9898192939652004,1,0.111978936609982,0
plastic_box_10_3,0.8367472883092344,1,0.4152062868336552,0
book_7_3,0.6741620343687967,1,0.07044059068067048,0
cup_10_4,0.751071831469814,1,0.7460540471327071,0.8874101473347403
paper_box_5_9,0.5168063211678998,1,0.5813850367096696,0
cup_10_1,0.7635882803934936,1,0.7250755487128308,0.8826086526240703
cup_7_5,0.7419215086837984,0.7621004353245526,1,0.9877448793599987
tray_6_8,0.8313793185356263,1,0.08236985466624763,0
book_3_10,0.6946314253072436,1,0.1625637016992861,0
book_3_1,0.6923745101210058,1,0.1653222867945476,0
sponge_5_10,0.9242163411860344,1,0.3443835459356863,0
bowl_1_2,0.5825896047608802,1,0.4552460845397823,0.886838087229288
cup_1_10,0.6091355356489495,0.6075614276226311,1,0.8967203443068543
bowl_8_8,0.9412557332562386,1,0.4335842518713867,0.9138543755002849
paper_box_10_6,0.9245455765384553,1,0.5144436170505845,0
plate_6_2,0.988543343886701,1,0.1049330979317488,0.5658597912910645
paper_box_4_10,0.7921734307901404,1,0.1812760815238488,0
sponge_7_1,0.7556077013741632,1,0.4084787671641291,0
plastic_box_9_9,0.872822004514912,1,0.5398732108178071,0
book_3_5,0.6923745101210058,1,0.1614266000642183,0
cup_9_3,0.7007466729212444,1,0.7847930101169103,0.8906612807843559
bowl_3_7,0.9506156859115372,1,0.5258125993058265,0.7987127939821725
metal_box_7_7,0.7964495017272064,0.6806502929939082,1,0
book_1_8,1,0.6890574003622286,0.2252734564470618,0
book_1_5,1,0.6887549809198557,0.229858607269415,0
bowl_10_4,0.9221611261251684,1,0.5069380873969811,0.7002281027986592
book_9_9,0.705745864366953,1,0.09801652391686726,0
tray_2_8,0.9907617783682416,1,0.101131283727783,0
metal_box_3_10,0.9601467965347557,1,0.3337405104677982,0
bowl_4_1,0.9747280280079013,1,0.558778942484978,0.9289124051082917
plastic_box_9_7,0.8664996804240042,1,0.5504811671758303,0
cup_8_10,0.6186243505434207,0.5391889838671787,1,0.9632037067191943
book_3_8,0.6915984727041464,1,0.1594077521957306,0
to_go_cup_1_3,0.6134099365663098,0.6440346711665687,1,0.8959934597255781
ball_2_5,0.8231561717718785,1,0.9939838291327917,0
ball_1_5,0.689276773185314,1,0.8801234051646495,0
book_2_9,1,0.6960877169359323,0.1972467464494477,0
tray_2_6,0.9847883292117859,1,0.09273102120576256,0
metal_box_8_8,0.914437447392871,1,0.4617364468860193,0
to_go_cup_4_2,0.5571615446226583,0.6549360736496233,1,0
plastic_box_2_9,0.791868695499523,1,0.4952981079475171,0
bowl_4_7,0.9729801208967218,1,0.5767226251700516,0.9317350839471862
metal_box_5_3,1,0.7723624177773794,0.3825216133402128,0
book_8_4,0.7545467013630678,1,0.1097796771295061,0
plate_5_6,0.9663781775867591,1,0.09433507564757505,0.7939698336152
to_go_cup_5_9,0.9225802032444365,1,0.8368262928687591,0.9995901913192821
tray_4_6,0.6804833002720747,1,0.1246933306309119,0
plate_2_10,0.9345559582424836,1,0.1283720846254952,0.7448884960098948
tray_10_8,0.6236771763144184,1,0.09295250623688045,0
metal_box_2_9,0.8479495508466423,1,0.6826321128936952,0
to_go_cup_5_7,0.9609872900713227,1,0.845499332012427,0.9995901913192821
plate_6_4,1,0.9969782710850934,0.1117130486103476,0.5932167653057183
plate_6_5,0.9963631488031348,1,0.1055940281127738,0.571392624996628
paper_box_9_5,0.3402567067017112,0.6767382251499928,1,0
ball_4_10,0.4941757602231138,1,0.8212189863901211,0
ball_3_8,0.6256588054300212,1,0.7756890208751165,0
plate_7_10,0.9980668127257273,1,0.102976147282171,0.6418726090503183
paper_box_8_6,0.3429046249127648,1,0.2430875858631413,0
to_go_cup_5_1,0.938306051171769,1,0.8510904218593536,0.9995901913192821
book_6_8,0.7179713164348811,1,0.1263913779198997,0
cup_4_9,0.5564853222172943,0.6732027026037266,1,0
plastic_box_2_6,0.7587124732398596,1,0.4838218457159887,0
sponge_2_3,0.5577664792960515,1,0.2226211686777883,0
tray_2_7,0.9755263900532768,1,0.1035927052728261,0
bowl_5_4,0.9046540175753081,1,0.4263336583444562,0.7719911019117253
book_10_4,0.7346455487352401,1,0.2530515398753758,0
sponge_5_3,0.9383467232943103,1,0.362439381456222,0
book_2_1,1,0.6960388706894368,0.1978967291780822,0
plate_1_10,0.9398097578543737,1,0.1212755545198398,0.8393442189089796
bowl_8_4,0.9904366632199884,1,0.4358823070139107,0.9142718412316715
tray_8_8,0.9876299745547878,1,0.1148040312654287,0
ball_7_2,0.597505255288741,1,0.9053119158033675,0
metal_box_1_3,0.9277997187559194,1,0.7867593665443315,0
to_go_cup_9_3,0.5748070586963401,0.6359845544614516,1,0.9900582711947002
plate_4_8,0.9622678356359818,1,0.1560422212143818,0.8103711944113842
ball_4_9,0.4718885997763765,1,0.8629923052658658,0
book_2_3,1,0.6967920347739477,0.1962852542312923,0
tray_9_7,0.576108963532447,1,0.127233827065408,0
tray_3_10,0.9590477503403353,1,0.08754204223444326,0
metal_box_4_9,0.9614387637721745,1,0.3913981599883405,0
bowl_2_3,0.9581095292267205,1,0.4710016593042327,0.9580756628932922
to_go_cup_10_2,0.863589156526973,0.8959749950282812,1,0.800546789154728
bowl_8_3,0.9678508581518037,1,0.4323688838236054,0.9283306890937972
paper_box_1_6,1,0.7710825792580711,0.2621422163193282,0
plastic_box_4_5,0.966614636472068,0.970236918413075,1,0
paper_box_7_3,0.5472013961922131,1,0.1219187194092406,0
cup_7_8,0.7642982073490393,0.7682603878400827,1,0.9879053038208234
cup_1_7,0.6259408497758074,0.620927015976716,1,0.8969273760106162
plate_5_2,0.9566997667741987,1,0.1003527258242861,0.8065804521618543
metal_box_2_8,0.9554118652262613,1,0.7176986595249811,0
ball_4_4,0.5033440262073257,1,0.8262518738937743,0
bowl_2_7,0.948557688059451,1,0.4659172896287853,0.9579695249913116
tray_9_2,0.5804350701498069,1,0.108378114891878,0
book_4_3,0.7614737674476695,1,0.1009615101165711,0
sponge_10_7,0.8767086083106942,1,0.1434682401628025,0
plate_10_9,0.7941499091997084,1,0.1087449256752036,0.8700891571864969
plate_10_6,0.8601252583606749,1,0.1118361876580024,0.8054271682966534
metal_box_1_5,0.9116614936402608,1,0.7857181494147423,0
ball_3_4,0.6039368509600374,1,0.809412602380104,0
plate_8_4,0.9637313689037075,1,0.207942243618811,0.878103269656347
sponge_4_3,0.8150209919541133,1,0.3141241663239859,0
to_go_cup_10_3,0.8751467005426794,0.956913203062493,1,0.7938901371137537
cup_2_6,0.6753374322928102,1,0.674083040783058,0.9734613013770794
metal_box_6_3,0.9559738185952433,1,0.2242082417289044,0
tray_7_8,0.5661208817511828,1,0.07888132082561652,0
to_go_cup_9_2,0.5990195214986362,0.6160770693564998,1,0.9900518561227667
cup_7_10,0.7779207133451413,0.7820759930771967,1,0.9877027662745087
plate_5_8,0.9571005544798163,1,0.1031061736322603,0.8117457163866112
plate_10_3,0.7984650440095299,1,0.1264671021713379,0.9154749158298454
to_go_cup_7_7,0.7864915714267064,0.7615093872451545,1,0.9877888280587681
to_go_cup_6_8,0.8293729574572305,0.8648165833661141,1,0.8975479795929581
sponge_9_9,0.5861702249919244,1,0.3003403842586669,0
bowl_2_5,0.9576389218777773,1,0.471163845754291,0.958039639778424
plate_1_8,0.9538152965082117,1,0.132176834283134,0.8505444106718557
paper_box_10_7,0.9045240367147536,1,0.5023281796127655,0
bowl_2_2,0.9588407250838672,1,0.4625876996024977,0.9572080804988468
book_2_5,1,0.6889675256473021,0.2024789745240998,0
book_6_7,0.7164035069857551,1,0.1248007015692617,0
plate_7_6,1,0.9957909012803955,0.1006628219505157,0.7279450894479811
book_5_6,1,0.7121316557235151,0.06406868122391128,0
book_1_10,1,0.6790348279135268,0.2226707793614088,0
ball_3_1,0.627210772810505,1,0.8085824956319538,0
to_go_cup_3_6,0.8591402687077313,0.8058583919273496,1,0.9217629347577144
sponge_3_4,1,0.8601129781675205,0.3007774196968138,0
metal_box_6_10,0.9509155956055775,1,0.2233686952738557,0
paper_box_10_9,0.9004268217778161,1,0.5035033335833219,0
ball_9_2,0.7256035121030822,1,0.9487887961403886,0
cup_9_8,0.6988272802564847,1,0.7719866928677613,0.9874250923523529
book_7_6,0.6765762479857383,1,0.06638242408565946,0
metal_box_1_8,0.9493337370834384,1,0.7865219809995557,0
paper_box_7_2,0.5448269203534869,1,0.1214040356058744,0
plate_2_8,0.9428586332778999,1,0.1196951762823124,0.7261161332051342
to_go_cup_9_6,0.5794614202235879,0.6181299700415372,1,0.9900462135390238
metal_box_9_4,0.628762716641207,1,0.3169631424702187,0
paper_box_5_1,0.5116139591297946,1,0.5975037608251391,0.1327802951305659
bowl_1_4,0.5876585827294175,1,0.4554344799447139,0.8870135423654155
paper_box_10_8,0.9085653792289766,1,0.5103513488396882,0
metal_box_1_4,0.9375100653248039,1,0.7836342555313612,0
plate_9_5,0.8759418989706559,1,0.1852681564650751,0.9489482066931263
to_go_cup_5_8,0.9464300429038682,1,0.8241058434356697,0.9995899647504755
metal_box_7_10,0.7582162958501992,0.695247847371936,1,0
tray_7_1,0.5736461115627298,1,0.08569872382032018,0
sponge_1_2,0.6782151680417657,1,0.2467100999484244,0
bowl_9_10,0.9805070666794632,1,0.5948501544598473,0.9313629828857876
metal_box_7_9,0.792412779418324,0.7052695579228307,1,0
to_go_cup_1_8,0.6251679605498494,0.6221642134284778,1,0.8970546463758611
bowl_5_8,0.9076624083448093,1,0.4302861539419744,0.7748511991810082
paper_box_6_5,0.5520973660794534,1,0.2603930806138084,0
plastic_box_3_6,0.4070669364015055,0.7068763188886991,1,0
plate_5_4,0.9605447577495823,1,0.09363393971592943,0.7936051886497363
to_go_cup_7_10,0.7779207133451413,0.7820759930771967,1,0.9877027662745087
paper_box_6_8,0.5462333803453049,1,0.2494844220346583,0
book_9_3,0.7054110141948408,1,0.09725470237614302,0
tray_9_8,0.5860655918478815,1,0.1288487790486582,0
to_go_cup_8_6,0.5560859589121309,0.5716932575851468,1,0.9650282378180992
metal_box_6_9,0.9580205806471507,1,0.2235358067027794,0
plate_8_5,0.9614353418793319,1,0.2079677712446512,0.8784123481040557
tray_3_7,0.9554326192405126,1,0.08301631588828497,0
paper_box_5_2,0.5157327499362739,1,0.5810620223093232,0
paper_box_8_9,0.3450615295794272,1,0.2394611038756737,0
sponge_9_10,0.5865964397468222,1,0.3095210419604659,0
plate_6_9,0.9891597816595538,1,0.1081385548482216,0.5784075964470475
plastic_box_7_7,0.8232559946847694,0.8604812166361464,1,0
bowl_1_3,0.565225479771486,1,0.4540951528351058,0.8868856160412587
plastic_box_5_8,1,0.8534750232145221,0.332751563451183,0
metal_box_9_8,0.6280782741276839,1,0.3139629313960793,0
to_go_cup_8_3,0.5922811321942913,0.6016874750060903,1,0.9630928324449113
to_go_cup_7_9,0.7650950605427554,0.7812251883253643,1,0.990342306923913
book_7_9,0.6749063668124964,1,0.06170195015328456,0
plate_4_2,0.9576632462723076,1,0.1475844166060681,0.8000566109471988
plate_10_2,0.8656004165280217,1,0.110668804140475,0.8720726155424219
plastic_box_8_10,0.705160409139053,1,0.3759143910869526,0
plate_7_3,1,0.9992659041492996,0.1033302086245693,0.6418726090503183
sponge_2_8,0.5542923455640453,1,0.197714205041157,0
metal_box_1_9,0.9550210904522638,1,0.7824063345147021,0
plastic_box_2_4,0.8038794161763124,1,0.4861190906062305,0
paper_box_2_6,0.2485901932897066,0.6860924698623491,1,0
paper_box_1_1,1,0.7812463943090309,0.2609562847313015,0
metal_box_9_10,0.6321795154472324,1,0.3142572381485692,0
plastic_box_7_1,0.814568450538282,0.8390769387693799,1,0
ball_5_7,0.6271639584441782,1,0.8956715832688166,0
paper_box_4_3,0.7834835195958588,1,0.1847564967880971,0
plate_10_1,0.8638519376205515,1,0.1121977692825997,0.8735862535389697
metal_box_6_8,0.9649066141846911,1,0.2228522491914629,0
cup_5_6,0.9257785731289865,1,0.8306193615117511,0.9995833808593637
bowl_9_8,0.9942154681053753,1,0.5938616845626067,0.9315933291481665
sponge_2_4,0.5873088270166226,1,0.2034216799616319,0
sponge_1_8,0.6879584376406878,1,0.2465084369183615,0
metal_box_7_5,0.7552565251259923,0.6813885620557257,1,0
sponge_8_10,0.3597819300930194,1,0.179434634676851,0
bowl_7_10,0.9913895263160087,1,0.7363206709314423,0.9363141375950047
ball_3_7,0.62910716020892,1,0.8051039923772529,0
tray_6_2,0.8261645204615156,1,0.08450733928420588,0
cup_5_8,0.9464300429038682,1,0.8241058434356697,0.9995899647504755
bowl_2_8,0.9564874251291591,1,0.4664809797045418,0.9576693730256777
metal_box_1_10,0.9588899806513355,1,0.8081672174492224,0
metal_box_10_1,0.930268547405465,1,0.3078440861958535,0
cup_2_2,0.6729039603644572,1,0.6695830543859013,0.9734512769398834
bowl_5_7,0.9178165975359454,1,0.4195543064082409,0.7667745626833706
ball_8_2,0.6203285916817538,1,0.8477321804201333,0
cup_5_2,0.9817313710286274,1,0.8457524554540216,0.9995895821167136
book_7_5,0.6815097642892965,1,0.0701494278202459,0
plastic_box_1_9,1,0.9796685875321186,0.6097934485417835,0
cup_8_8,0.6133495944706892,0.5851847902676897,1,0.9439469909640261
metal_box_4_3,0.9589659959092481,1,0.3979029777397572,0
bowl_3_8,0.9497982092771604,1,0.5302662760570791,0.8005750359343515
sponge_8_4,0.3644523151674853,1,0.1747468649440687,0
tray_8_3,0.9764025105151503,1,0.1198060763848355,0
cup_7_2,0.767142348846891,0.7672869485814288,1,0.9877038916538674
plastic_box_2_7,0.8060965612466812,1,0.5523543640733023,0
plastic_box_1_10,0.9121178494103491,1,0.5652396188786405,0
plate_4_5,0.9566069885628123,1,0.1455875124163797,0.796900140943551
cup_6_6,0.8622084342230922,0.8788196200064973,1,0.8975641415347696
plastic_box_5_1,1,0.8784178731632328,0.3551476769811864,0
tray_9_1,0.5789381922917956,1,0.126275372983631,0
plate_2_9,0.9582808238268341,1,0.1281849816761362,0.7456524283481945
to_go_cup_7_4,0.7703076421030828,0.7689676532438124,1,0.9876769576278622
plastic_box_1_4,1,0.9974477252649994,0.6138273419403568,0
plate_7_8,0.9959188854751169,1,0.1027055633704216,0.7673784038885788
bowl_10_5,0.939277869708996,1,0.5130975806079704,0.6998292497823488
plate_3_5,0.9833470348454996,1,0.09753404832795606,0.7360125111551531
metal_box_3_8,0.9505997484314854,1,0.3304220213378595,0
cup_4_1,0.5595743640402596,0.6813027613480263,1,0
to_go_cup_4_5,0.5566172613557803,0.6805828886847219,1,0
cup_6_5,0.8313993747460048,0.860184130944624,1,0.8982766556058276
bowl_7_1,0.9745097396843928,1,0.7218456780103971,0.936143145205923
cup_3_1,0.8559523494242789,0.8056280358907484,1,0.9224883564203085
tray_3_3,0.948169382596141,1,0.08302249314652133,0
ball_1_9,0.6960946432326233,1,0.9098045524884023,0
paper_box_10_10,0.9038704483360349,1,0.4998570546240132,0
cup_7_3,0.7624912458192651,0.759023920146288,1,0.9878137081255458
paper_box_2_8,0.2547876505891229,0.6760550191233711,1,0
tray_1_3,0.9954850350836963,1,0.1032252523500509,0
to_go_cup_4_10,0.5622388344034216,0.6615643072741845,1,0
plate_5_10,0.9649422833060568,1,0.09824086477872565,0.8024225570797076
tray_8_5,0.9788371206380123,1,0.1174860983811771,0
to_go_cup_1_4,0.6140683632640436,0.6278626118815845,1,0.8965737522585648
cup_10_9,0.7567851659000088,1,0.7566368768402224,0.8875322051610132
paper_box_3_6,0.6823796901292722,1,0.2966375525077964,0
ball_4_7,0.5156190590866884,1,0.840264022581549,0
bowl_10_6,0.932308558286188,1,0.5113644109315824,0.7010466537691914
cup_8_4,0.5855432795821489,0.5459607894938215,1,0.957290721243496
to_go_cup_4_7,0.556698053796127,0.6586790761889768,1,0
tray_6_5,0.8273933712760146,1,0.07968381015521708,0
book_4_7,0.7585211381402652,1,0.09909490261599382,0
plastic_box_1_6,0.9884234395761045,1,0.6306467570548194,0
sponge_1_3,0.6705909819482663,1,0.2513317650364468,0
cup_6_3,0.8454324636301741,0.8689376152646652,1,0.8975791277637749
sponge_10_1,0.9166746691229049,1,0.132420816555291,0
tray_4_8,0.6714006390586524,1,0.1117808863880823,0
plastic_box_5_10,1,0.8671632564110927,0.3599955302475487,0
ball_10_8,0.9875891013830429,1,0.947980552594676,0
paper_box_9_10,0.3425553180111642,0.68490405856266,1,0
cup_1_5,0.6309185475463607,0.6116586424988188,1,0.8967648062814174
ball_8_5,0.6384887469356176,1,0.8942930657202914,0
sponge_6_4,0.6842471976942102,1,0.4107501531041649,0
to_go_cup_7_1,0.7704367015121882,0.7695620945400595,1,0.987817408694536
sponge_8_2,0.353212134035136,1,0.188073614689298,0
paper_box_7_4,0.5432073472104861,1,0.121246100289861,0
ball_1_10,0.6867444620770197,1,0.8936825219455713,0
plate_6_8,0.9907788594391885,1,0.1106291420480216,0.5893321263704402
metal_box_7_2,0.7854805761468429,0.7116358613671088,1,0
book_8_1,0.7508318852553847,1,0.107274765147259,0
sponge_10_6,0.8933913859607169,1,0.1724833111994589,0
book_10_7,0.7297839055581726,1,0.2578228115442378,0
sponge_9_8,0.6082553164256066,1,0.3057037102220435,0
to_go_cup_3_7,0.8510423590457368,0.7982626957460921,1,0.9225003657798974
to_go_cup_8_1,0.5623226616818321,0.5242416716052877,1,0.9648102649669579
sponge_2_1,0.5601323016383356,1,0.199797297622074,0
plastic_box_6_6,1,0.9347912566190555,0.4054337956289794,0
book_4_5,0.7548808379402815,1,0.09902192813286693,0
sponge_5_1,0.9091861994634388,1,0.360723901737753,0
plastic_box_2_2,0.7798713266659538,1,0.483411343455738,0
sponge_6_6,0.6957369207947391,1,0.4212532705313445,0
tray_2_4,0.9952620185675579,1,0.09818607291669124,0
cup_10_3,0.7626764420804917,1,0.7412312002714663,0.8854024623332795
cup_4_10,0.5622388344034216,0.6615643072741845,1,0
plastic_box_2_10,0.8086872660986679,1,0.5608722884508196,0
paper_box_8_3,0.4075550473732404,1,0.3329920742293295,0.2817530281398224
to_go_cup_3_4,0.8575803646534863,0.8093016054868325,1,0.9066657229417485
to_go_cup_9_4,0.5849762804257769,0.6286388501795058,1,0.9900476087950926
bowl_5_6,0.9071568359003337,1,0.4155437855979733,0.7661942606647619
sponge_1_9,0.6750260213068328,1,0.2378970374978761,0
cup_9_10,0.698493552937427,1,0.7708693199058686,0.889109871352117
to_go_cup_10_8,0.9100478563514741,0.9146075762389382,1,0.7887630724857762
metal_box_3_1,0.9664396815109713,1,0.3364384084806962,0
plate_5_1,0.9555883503010391,1,0.09953997316425862,0.8058512705065671
tray_1_5,1,0.9775161637505815,0.1053856572119911,0
metal_box_4_4,0.9581888308710488,1,0.3904113623682445,0
bowl_5_3,0.9228545231778468,1,0.4322380718023678,0.7709985296292441
paper_box_10_1,0.8890789033364728,1,0.4949625662505466,0
cup_10_7,0.756808122091224,1,0.7540720034159102,0.8875322051610132
bowl_6_5,0.9663487745436619,1,0.4928163513997501,0.8479660190553565
book_2_7,1,0.6941896728929614,0.1971740071726098,0
to_go_cup_10_4,1,0.9082411820738497,0.9958335032704974,0.7938901371137537
metal_box_2_3,0.9377698484733845,1,0.7053498839894603,0
book_1_4,1,0.6929968111336162,0.2295128587011049,0
metal_box_9_9,0.6285995059490447,1,0.3134501034790182,0
metal_box_10_2,0.9297438393999515,1,0.3014113480295621,0
plate_1_6,0.9377281543637996,1,0.1534238144444597,0.800549380612623
ball_8_4,0.6885614331199089,1,0.8310022112282169,0
to_go_cup_4_6,0.5578436179075644,0.679642544635014,1,0
paper_box_7_7,0.5453130590439048,1,0.121246100289861,0
ball_10_1,0.5307071341022607,1,0.9568711014597283,0
book_9_8,0.7114803903771909,1,0.09667475505663399,0
paper_box_3_10,0.65352409403723,1,0.2839735399303399,0
to_go_cup_2_5,0.765337091581019,0.8016345972767428,1,0.8859207911759335
bowl_2_4,0.9586681306027355,1,0.4651961473487359,0.9574751532451287
plastic_box_1_3,0.9931149391363627,1,0.5948073256828141,0
to_go_cup_4_4,0.5586154426423574,0.6657584893271218,1,0
bowl_1_7,0.5865760830460952,1,0.4464447136995165,0.8846112883192435
paper_box_7_8,0.5461565008379337,1,0.1187800368097717,0
book_10_3,0.7348878862449059,1,0.2561008496352871,0
tray_10_3,0.6226287497205144,1,0.09545966072432549,0
to_go_cup_9_10,0.5901208456575372,0.6344771997426182,1,0.9900697746130155
bowl_3_3,0.9498364243906557,1,0.5297511448893176,0.8003730830025102
paper_box_2_7,0.2823226631848236,0.6868937769511094,1,0
sponge_1_5,0.6538428630032204,1,0.2352926071001809,0
bowl_1_6,0.5574815323254539,1,0.438749588535841,0.8868206286634837
ball_2_1,0.8195328785797547,1,0.9125703787449313,0
cup_5_1,0.938306051171769,1,0.8510904218593536,0.9995901913192821
plate_9_4,1,0.9582884655225787,0.1383480528194961,0.9452745716177903
ball_5_8,0.6287461602486049,1,0.9493854609757886,0
ball_7_4,0.6254309717710548,1,0.9199811362164095,0
book_9_10,0.7172470881335019,1,0.0961750049468342,0
book_10_5,0.7296630733881602,1,0.2529830836622295,0
paper_box_2_3,0.2631326993763217,0.675898965801791,1,0
metal_box_7_4,0.7974184546896328,0.682406201343216,1,0
plate_8_10,0.9571264915444212,1,0.2043870162403527,0.8769523946466603
to_go_cup_4_9,0.5564853222172943,0.6732027026037266,1,0
ball_8_8,0.592404594035618,1,0.8557548233752298,0
to_go_cup_8_2,0.6483311170610435,0.5720176517614879,1,0.9573272366537883
sponge_3_5,1,0.8483886034351849,0.3031973292081026,0
sponge_6_8,0.7006005585268197,1,0.4442043829269908,0
plastic_box_6_10,1,0.96364971530842,0.4048736138133513,0
to_go_cup_2_1,0.8051624919249666,0.8275237598164759,1,0.8822750499302707
plate_2_6,0.9393490467431072,1,0.1281849816761362,0.7456524283481945
plate_1_2,0.9468682830101249,1,0.1326726875952094,0.8515949565028539
to_go_cup_5_5,0.9430193016280601,1,0.8370178545149779,0.9995831466953046
sponge_5_8,0.9177018023401319,1,0.3326858487482096,0
paper_box_6_9,0.5398283270634621,1,0.2610717043240973,0
metal_box_1_1,0.9094544977707841,1,0.759665330260193,0
metal_box_5_4,1,0.7453368408387231,0.3833061559298916,0
paper_box_6_4,0.5514467578102815,1,0.2600862509610752,0
tray_1_6,0.9999265756132579,1,0.1029020301813063,0
metal_box_9_3,0.6282039020249034,1,0.3133654287743192,0
tray_2_10,0.9707865258101823,1,0.09684107976008978,0
paper_box_10_4,0.9292964981492575,1,0.5137911541143365,0
plate_8_2,0.9505865629738854,1,0.2041079668881723,0.8770815022708323
sponge_10_3,0.9040408821858715,1,0.1597427416990317,0
metal_box_8_2,0.9155664648515228,1,0.4509384907238069,0
book_4_1,0.7546574280222196,1,0.1130334006623858,0
book_8_2,0.75021581480527,1,0.1028093177574265,0
plastic_box_2_5,0.7885240747158565,1,0.4845478923895761,0
plastic_box_9_5,0.9028532414385181,1,0.5512976037872332,0
to_go_cup_7_6,0.7711182227683259,0.7946365039518377,1,0.9876939990571882
paper_box_9_3,0.3383206099715346,0.6728916480121914,1,0
sponge_4_9,0.8113235900396233,1,0.3069780793538157,0
tray_8_4,0.9643585099565184,1,0.1236423248540924,0
paper_box_1_5,1,0.7711813996393905,0.2609562847313015,0
book_10_8,0.7374438790402084,1,0.2523189960755604,0
tray_1_10,1,0.9889322417048653,0.101637912638294,0
metal_box_10_10,0.9238691514065612,1,0.3259114640795463,0
bowl_9_4,0.989653016107046,1,0.5869690307546452,0.9311076483018611
ball_10_10,1,0.9780388829852852,0.9283417703163923,0
ball_5_5,0.6055587809261268,1,0.8591119027794352,0
tray_10_4,0.6241089971403325,1,0.09314795125108731,0
cup_5_7,0.9609872900713227,1,0.845499332012427,0.9995901913192821
tray_9_3,0.576108963532447,1,0.1198348111073044,0
ball_10_6,0.5416964621058525,1,0.9494903730120917,0
paper_box_8_7,0.351025393624619,1,0.2430875858631413,0
plate_10_8,0.8667443286659138,1,0.1182136012963644,0.8537960822407226
sponge_5_9,0.9232688199873146,1,0.3542458504881638,0
sponge_3_7,1,0.8638638025222769,0.2963428488310625,0
bowl_9_9,0.9853146629611732,1,0.5910521190529765,0.9311282075238384
plastic_box_9_3,0.9083342448895116,1,0.5680975351001112,0
tray_1_9,1,0.9980244905921123,0.08687936710819229,0
book_5_9,1,0.7171461889864962,0.05855837044594241,0
metal_box_9_7,0.6346329712199372,1,0.3236268906652652,0
metal_box_4_6,0.9663140457172894,1,0.3989496070127925,0
to_go_cup_8_9,0.5549409603243679,0.5077650854399564,1,0.9651972543319942
ball_6_9,0.6540032364368487,1,0.9714494613601016,0
tray_1_4,1,0.9992325318032674,0.1120480400295915,0
plastic_box_1_7,1,0.9645936784969659,0.598619968592266,0
metal_box_10_7,0.9308236431889162,1,0.300572094025317,0
sponge_5_6,0.9096170544988711,1,0.3575598593229506,0
tray_3_2,0.9531487191394772,1,0.0834976040012787,0
cup_5_5,0.9430193016280601,1,0.8370178545149779,0.9995831466953046
book_2_4,1,0.6973108744122363,0.202645836561295,0
sponge_9_5,0.6013271058934825,1,0.3045196053320545,0
metal_box_4_2,0.9619414657011734,1,0.3932275201267799,0
tray_9_9,0.5863690141225117,1,0.127971842231055,0
ball_6_1,0.6455596545069268,1,0.8493425302989296,-0.1521087736142561
plastic_box_7_3,0.8163001706972525,0.8649840643539911,1,0
metal_box_4_8,0.959386595386539,1,0.3901234627591718,0
book_3_7,0.6923751241617425,1,0.1598020029028529,0
paper_box_6_6,0.5409515114090383,1,0.2737540677442271,0
cup_2_9,0.6760426981688377,1,0.6720582948387056,0.9734613013770794
to_go_cup_4_3,0.5576978602474253,0.6832145722817426,1,0
paper_box_4_1,0.7852914457431273,1,0.1754732643574953,0
plastic_box_8_3,0.6906409007849433,1,0.3834830486742886,0
sponge_6_3,0.7127314244828356,1,0.4178101586170129,0
sponge_1_7,0.6724864482909165,1,0.255150457930668,0
paper_box_7_5,0.5507466830306971,1,0.1212108797399476,0
book_2_10,1,0.6839245414739678,0.1947302605058731,0
plastic_box_5_7,1,0.8523274946755757,0.3426547480479046,0
cup_7_7,0.7864915714267064,0.7615093872451545,1,0.9877888280587681
bowl_7_7,0.9891906917282064,1,0.7284764783600012,0.9362409720941681
sponge_2_9,0.5636011691507156,1,0.2217690247072706,0
plastic_box_2_3,0.7808617522266839,1,0.4844818196812686,0
cup_3_5,0.8665005315259829,0.8011602611594418,1,0.922166257970079
cup_1_8,0.6251679605498494,0.6221642134284778,1,0.8970546463758611
paper_box_9_2,0.3419747141060879,0.6829785093633919,1,0
to_go_cup_2_7,0.812520704473364,0.8275487155672869,1,0.881195385236512
metal_box_10_4,0.9501009783558413,1,0.3000969123185034,0
ball_9_6,0.710223139241516,1,0.9444371305293199,0
plate_6_3,0.9878514574375009,1,0.1058567727676844,0.5697401337815917
sponge_1_1,0.6852445444591518,1,0.2550073603746622,0
tray_5_5,0.695514485361824,1,0.09765405931866795,0
tray_3_5,0.9567310066001686,1,0.08778664978528813,0
cup_4_4,0.5586154426423574,0.6657584893271218,1,0
cup_7_1,0.7704367015121882,0.7695620945400595,1,0.987817408694536
paper_box_8_2,0.3492113316514552,1,0.2463386926551929,0
tray_4_3,0.6711552077669954,1,0.1169235170136408,0
plate_1_7,0.954708679416337,1,0.1345416409049034,0.8536569355681507
ball_8_9,0.659333495101283,1,0.8055413699779631,0
ball_1_6,0.674453010233646,1,0.8658563384623423,0
metal_box_10_8,0.967379432519913,1,0.2991380993386488,0
plate_9_1,0.8879247390351819,1,0.1469143312974832,0.9023274016232774
sponge_9_2,0.605018174301842,1,0.3095145041978065,0
metal_box_4_5,0.9619929569692238,1,0.3919613429198431,0
metal_box_5_2,1,0.7591747120614809,0.3866251603044001,0
metal_box_8_7,0.9188544751489635,1,0.4498995667124558,0
to_go_cup_10_5,1,0.811845864321538,0.9209197813490917,0.7971949084293051
metal_box_10_5,0.9658143631744616,1,0.3164524376208112,0
to_go_cup_3_1,0.8559523494242789,0.8056280358907484,1,0.9224883564203085
sponge_3_8,1,0.8466290242105331,0.2798773777629712,0
plate_3_7,0.9752049482676787,1,0.1099444232351273,0.765973822171347
metal_box_6_2,0.96389717231934,1,0.2265117042451461,0
tray_8_10,0.9840508953322277,1,0.1210919570659173,0
cup_3_10,0.8658329413021567,0.7944474498449303,1,0.9229373537030752
ball_7_1,0.6954931374444796,1,0.905136988356718,0
ball_6_5,0.6414427117187849,1,0.9673822009027342,0
plastic_box_7_8,0.8171850171228386,0.8575919992028571,1,0
ball_2_7,0.7989865860648527,1,0.970381055339001,0
plate_3_9,0.9672899964949744,1,0.1004620096146685,0.7322915637512016
to_go_cup_6_5,0.8313993747460048,0.860184130944624,1,0.8982766556058276
to_go_cup_1_9,0.6018779687501392,0.6275185477448114,1,0.897944127477593
sponge_7_8,0.7371450549543878,1,0.3962370363776453,0
to_go_cup_8_10,0.6186243505434207,0.5391889838671787,1,0.9632037067191943
sponge_8_1,0.3539753122528044,1,0.1844981097443699,0
bowl_6_3,1,0.9618786667234875,0.5174254516292747,0.8479660190553565
tray_7_10,0.5728455163349638,1,0.08038647690674536,0
tray_3_4,0.9531935587484528,1,0.0874697997540453,0
cup_2_10,0.6787278129782806,1,0.6747275843453717,0.9734613013770794
cup_7_6,0.7711182227683259,0.7946365039518377,1,0.9876939990571882
book_9_4,0.7095686431239222,1,0.0969469370972129,0
to_go_cup_1_5,0.6309185475463607,0.6116586424988188,1,0.8967648062814174
ball_7_7,0.5991342920983187,1,0.8879965403219717,0
metal_box_2_7,0.8764853883716951,1,0.6894368810497506,0
plate_2_7,0.9448632654787691,1,0.1293289475918643,0.7479022336557898
to_go_cup_2_2,0.8319153730417955,0.8419718754602918,1,0.8783595484202287
sponge_10_10,0.8903908511471151,1,0.1430314923611626,0
plastic_box_6_7,1,0.9501193084797495,0.397478080971661,0
sponge_2_6,0.5633168831912384,1,0.2080718185682918,0
ball_10_9,0.9868695198448016,1,0.9240684603846171,0
cup_7_9,0.7650950605427554,0.7812251883253643,1,0.990342306923913
plastic_box_8_5,0.7044666962248499,1,0.384000462546541,0
paper_box_4_9,0.7848573205868721,1,0.1839117713226306,0
bowl_8_7,0.9523367591931234,1,0.434194596308972,0.9281975622973506
tray_2_3,0.975264728248577,1,0.09731057905648925,0
sponge_4_2,0.8342680397772061,1,0.3178931600221046,0
to_go_cup_10_7,0.8595775133419521,0.874901387099166,1,0.801049150378478
to_go_cup_1_7,0.6259408497758074,0.620927015976716,1,0.8969273760106162
to_go_cup_5_4,0.9323389849458406,1,0.84566017323135,0.9995901913192821
tray_7_4,0.5636254273942287,1,0.08220127872139121,0
book_5_5,1,0.708726747094179,0.06094880480624661,0
book_8_8,0.7537883832826233,1,0.1073372659302754,0
plate_2_5,0.9479152305328326,1,0.1190993482762716,0.7250262402512255
plastic_box_6_2,1,0.9268488666463247,0.4106727253496726,0
metal_box_6_5,0.9658577461830693,1,0.2233276025836871,0
bowl_5_10,0.9464115254343881,1,0.4394522476326523,0.7721012045162641
plate_3_2,0.9837922243773165,1,0.1084938901878133,0.7633867318039556
ball_9_10,0.8008091453678036,1,0.9561626006851812,0
plastic_box_8_9,0.6932525209773287,1,0.3764775115801327,0
ball_3_6,0.6150346199947426,1,0.7912316293240799,0
bowl_9_1,0.9589202005400985,1,0.6063410857827954,0.9341553788235963
sponge_10_5,0.8913565798786169,1,0.1442997704678128,0
plastic_box_10_6,0.7137974484413994,1,0.3673460247151212,0
metal_box_4_10,0.942903047932526,1,0.3880897594794968,0
plastic_box_10_9,0.799370552544192,1,0.412353471797119,0
paper_box_1_4,1,0.7551757005655076,0.2575684080011899,0
plastic_box_6_8,1,0.9741833405930319,0.3967916359770822,0
tray_7_9,0.5651336595736105,1,0.08045647580232804,0
plastic_box_8_2,0.7541398178221781,1,0.3683611223834461,0
bowl_6_1,1,0.9896843484082083,0.5273740329982913,0.8710291445540452
book_6_3,0.716247087447771,1,0.1317425318979387,0
to_go_cup_3_2,0.8712560260817063,0.7983227279091634,1,0.9224546771447357
cup_6_2,0.8438470028503002,0.8583625608759609,1,0.8977874626534206
ball_3_3,0.6181381048122693,1,0.7975667622059844,0
book_3_3,0.695532104570449,1,0.1601822006114553,0
to_go_cup_9_9,0.5874523967648566,0.6238849194497056,1,0.9900483048862228
plate_4_1,0.9576632462723076,1,0.1475844166060681,0.8000566109471988
bowl_10_7,0.934095522632521,1,0.515481940795884,0.7014664331527369
tray_3_8,0.957259858571015,1,0.08832749093628471,0
paper_box_3_8,0.6432609277531768,1,0.2787684905297377,0
tray_4_9,0.6724941464342373,1,0.138772155887802,0.3435963436090617
metal_box_9_5,0.6340753599693495,1,0.3160457550121561,0
book_9_5,0.7052838163372422,1,0.09638155908102648,0
plastic_box_3_1,0.3994724413810933,0.718513040081067,1,0
cup_3_9,0.8507594625326198,0.7952919481386296,1,0.9228680910582326
tray_10_5,0.6209396861671329,1,0.09579581875192698,0
cup_6_4,0.8373209967460254,0.8496749241027489,1,0.8975485140140381
cup_2_7,0.6947804752563108,1,0.6670484053635037,0.9734914827791452
to_go_cup_1_6,0.6166384710593104,0.6229352454094195,1,0.899101409743449
plate_9_3,0.8779477281608805,1,0.1782164309441051,0.9462671624406115
bowl_7_6,0.9901095705184118,1,0.7348452578166552,0.9362775758465681
paper_box_10_5,0.9116284840076612,1,0.5147525079444543,0
cup_4_7,0.556698053796127,0.6586790761889768,1,0
ball_10_3,0.5279876071578272,1,0.9184656820192889,0
plastic_box_4_9,0.9420667995631594,0.9659753152007351,1,0
bowl_5_2,0.9462444342990566,1,0.441718766457338,0.7707644805225994
paper_box_6_3,0.5519491613225807,1,0.2603231808179123,0
plastic_box_1_2,0.9948685538642577,1,0.6361121565484674,0.1139897257936878
ball_9_8,0.7489782577596348,1,0.9417327069274289,0
ball_7_8,0.633579925142994,1,0.9087992315663312,0
sponge_9_3,0.6013443171203748,1,0.3011248654800782,0
metal_box_5_8,1,0.7460608188984323,0.3839309174024066,0
tray_2_5,0.9852396993199396,1,0.09606498973351804,0
bowl_3_4,0.9369376590055744,1,0.5218423235063998,0.8001815089692828
metal_box_10_3,0.9441502983047247,1,0.3016395320013517,0
sponge_6_9,0.6869066955938605,1,0.430795144882741,0
cup_9_2,0.6975013411063643,1,0.782452975304985,0.8909818656708436
book_4_10,0.755659074537265,1,0.09878080571932046,0
plastic_box_6_1,1,0.9603220573763119,0.4337423765113449,0
bowl_7_9,0.9870500378183963,1,0.7265535300621938,0.9362105655458985
tray_2_9,0.9732667330744167,1,0.0956044462985818,0
bowl_5_9,0.9351675908187428,1,0.434390530322825,0.7717360862821442
plastic_box_9_6,0.8600957757253556,1,0.5368517356529812,0
plastic_box_5_3,1,0.867372331943061,0.349616183916958,0
to_go_cup_5_6,0.9257785731289865,1,0.8306193615117511,0.9995833808593637
paper_box_7_9,0.5469371010738908,1,0.1243962412434065,0
plate_7_4,1,0.9826588984264115,0.101364617467887,0.6418726090503183
book_1_2,1,0.6864374655650778,0.2285353661765542,0
ball_8_1,0.6213487743010533,1,0.8513147525446166,0
cup_5_3,0.9359557210555245,1,0.835080656475874,0.9995833808593637
tray_5_4,0.7167108826920633,1,0.1147012747096872,0
metal_box_3_9,0.9669778943865781,1,0.3361149537220492,0
plastic_box_3_10,0.408454379074514,0.7087345220721204,1,0
paper_box_9_9,0.3451274146636998,0.6824603707736117,1,0
plate_9_9,0.8759605462796339,1,0.1812305771496486,0.9473304688471255
sponge_3_2,1,0.8499719579664676,0.29582303534872,0
cup_9_6,0.7007779487739306,1,0.7735538828399051,0.8892096837769307
to_go_cup_9_7,0.5898777575648351,0.5856820861744777,1,0.99004259703211
cup_4_6,0.5578436179075644,0.679642544635014,1,0
to_go_cup_7_8,0.7642982073490393,0.7682603878400827,1,0.9879053038208234
metal_box_10_9,0.9482482356105514,1,0.2989694795431625,0
plate_4_10,0.9753454286744104,1,0.146756814225809,0.7983732463369732
metal_box_1_2,0.923776049753577,1,0.7925037549670133,0
book_8_10,0.7526787441115117,1,0.1081518831362445,0
to_go_cup_2_10,0.8119040388785537,0.8203834052932985,1,0.8818200586782918
tray_9_5,0.5860045335076277,1,0.1157800452339384,0
cup_1_1,0.6118151352432702,0.624802865775166,1,0.8980821491596618
plate_6_6,0.9985304070940076,1,0.1071637576615377,0.5746586676682449
bowl_2_9,0.9508943482755878,1,0.4656176271770538,0.957942474994805
bowl_4_2,1,0.9959044381349994,0.5553039767480791,0.9238083267238325
metal_box_8_5,0.9228797153184204,1,0.4511454684824815,0
paper_box_5_8,0.5318443083407837,1,0.5792298072116442,0
metal_box_5_6,1,0.7610115927032518,0.3836924526773502,0
plate_10_5,0.8659854853307258,1,0.1125155388873592,0.8890038738676813
tray_5_1,0.707030126997602,1,0.1087110614287742,0
ball_10_7,1,0.9741673316993619,0.9358292176438864,0
to_go_cup_4_1,0.5595743640402596,0.6813027613480263,1,0
metal_box_10_6,0.9227454660488414,1,0.3009350505449164,0
tray_3_9,0.9529260086444012,1,0.08987129387531972,0
paper_box_4_7,0.7854464324046069,1,0.176245497091689,0
plastic_box_4_10,0.8312921021926222,0.8834426052720222,1,0
book_6_1,0.7123831716357228,1,0.1229658370588365,0
ball_1_8,0.6940585636104215,1,0.8846371669847253,0
to_go_cup_7_5,0.7419215086837984,0.7621004353245526,1,0.9877448793599987
cup_8_6,0.5560859589121309,0.5716932575851468,1,0.9650282378180992
tray_2_1,0.9757284494940665,1,0.1036505411497102,0
ball_7_10,0.6335355824541792,1,0.8950158218635739,0
cup_9_7,0.693466246127164,1,0.7701257008949425,0.8893835871095492
ball_2_8,0.8039208490222401,1,0.9779572145876593,0
sponge_4_7,0.8335261691609149,1,0.309063022336611,0
ball_2_3,0.8175196441534351,1,0.9762206862892274,0
bowl_3_6,0.9472500937097975,1,0.5226265029833914,0.7978336864046156
paper_box_2_4,0.2944148474796598,0.6690030660910732,1,0
plastic_box_7_4,0.8165063507695624,0.8626819499476271,1,0
ball_4_8,0.5146166542869834,1,0.8023449138452621,0
sponge_6_10,0.6964336714945208,1,0.4351765632938751,0
sponge_9_1,0.6050743110224032,1,0.2952189863628648,0
tray_5_6,0.695052408712707,1,0.1135574875545832,0
paper_box_9_4,0.3420743765263818,0.6768566404404409,1,0
ball_10_5,0.9879707511116294,1,0.9296391962386115,0
sponge_6_2,0.7108981832831263,1,0.4348405348175356,0
sponge_5_5,0.910845897157105,1,0.3567775873477506,0
cup_5_10,0.990634413776784,1,0.8546910021243729,0.9995901913192821
cup_10_5,0.7617812245163118,1,0.7224451994951193,0.8826086526240703
plastic_box_10_10,0.7883031868682105,1,0.3993630250902324,0
cup_1_3,0.6134099365663098,0.6440346711665687,1,0.8959934597255781
book_9_1,0.7148738643600552,1,0.09665250842074692,0
plastic_box_10_5,0.7124545282242375,1,0.3552041676089212,0
paper_box_8_8,0.3449837604943164,1,0.2394071347444561,0
bowl_10_9,0.9333247974709191,1,0.5140830172250219,0.700971845541001
plate_3_1,0.9834853154901709,1,0.0922480693698651,0.7215628066285513
tray_4_1,0.6719351608260782,1,0.1214680494348458,0
tray_6_6,0.8319885540811179,1,0.0848470162055293,0
paper_box_3_3,0.6334450897116413,1,0.2895117049679697,0
bowl_3_10,0.9339990955994572,1,0.5195159572928093,0.799468257048866
metal_box_1_7,0.9805778701681374,1,0.8109719346092004,0
plastic_box_5_9,1,0.8763727682754657,0.3209875679618162,0
sponge_3_6,1,0.8673802245043912,0.2885748584693941,0
plate_4_6,0.9589687930606333,1,0.161128884808424,0.8167217921725883
book_8_7,0.7520607839518186,1,0.1131142510774508,0
tray_1_1,1,0.9964203552801895,0.1006562210954062,0
sponge_5_2,0.9122934899643741,1,0.3625969968620816,0
plastic_box_2_1,0.7904436930491991,1,0.4882416849735073,0
book_5_2,1,0.704414987097548,0.05477838701035859,0
paper_box_3_2,0.6544835195625028,1,0.2821356755627963,0
sponge_4_4,0.8162154907240573,1,0.3205142595052169,0
ball_8_10,0.6406944501891753,1,0.801102964019926,0
tray_1_8,1,0.9967075091491634,0.1069715599426729,0
ball_3_5,0.6326296469932743,1,0.7778613547498543,0
paper_box_4_4,0.7869943850471999,1,0.1838075217747883,0
tray_10_2,0.619857148433151,1,0.09509546722596292,0
to_go_cup_2_8,0.767840246386119,0.787480170731429,1,0.8867941362005499
sponge_6_5,0.7064033255921239,1,0.4283172338579389,0
sponge_7_7,0.7652855545063989,1,0.4309073978637537,0
metal_box_6_6,0.9658577461830693,1,0.226768717300205,0
metal_box_6_1,0.9677227029417815,1,0.2270318686595628,0
plate_2_1,0.9239560241452,1,0.1270601568004177,0.7435889001770528
plate_9_2,0.8894253037765176,1,0.07306517342287962,0.8669591451923786
book_7_4,0.6782711761692566,1,0.07142292922753034,0
plastic_box_1_5,1,0.9957582916712567,0.6143275527472467,0
sponge_7_9,0.7397572600051399,1,0.4029211348114229,0
plastic_box_6_3,1,0.926998325893784,0.4014944678097166,0
plate_1_9,0.9518456964288526,1,0.1102666252487817,0.8209081380785693
book_8_6,0.7532083126612619,1,0.1079855584514385,0
ball_6_8,0.6108672629286923,1,0.972159164465358,0
ball_10_4,0.9741187586175624,1,0.9101014409431729,0
cup_8_5,0.5883693895849764,0.5665862154292397,1,0.9632349766953437
ball_7_5,0.6444820510745982,1,0.935698131130274,0
tray_5_2,0.699772042541639,1,0.1086498285986885,0
to_go_cup_6_1,0.841677336629369,0.8715608662990253,1,0.8980231814147019
cup_6_9,0.8359807672099836,0.8651102628917594,1,0.8977874626534206
bowl_6_2,1,0.9876330118251531,0.5306486876649935,0.8520359410830844
tray_4_2,0.6709906066743144,1,0.1225119221765768,0
plastic_box_8_6,0.6962245246049726,1,0.370915468096301,0
metal_box_8_9,0.920983125006994,1,0.4484226973132057,0
to_go_cup_9_5,0.5860449969526575,0.6506303098572986,1,0.9899976534335736
ball_4_1,0.542978727102783,1,0.8504182392677683,0
ball_1_2,0.6890490236189841,1,0.8984575094067832,0
bowl_4_3,1,0.9840017720351578,0.5574283748882981,0.9288292040575432
cup_3_2,0.8712560260817063,0.7983227279091634,1,0.9224546771447357
ball_5_3,0.6523404705714269,1,0.8881120890014966,0
metal_box_7_1,0.786192985668352,0.7042627543328203,1,0
tray_9_6,0.5753551369828036,1,0.1234975216286149,0
tray_10_9,0.6254369778881741,1,0.09557623786362264,0
bowl_6_9,0.9851948828202,1,0.4961838916525579,0.8664207390269348
bowl_5_1,0.9116829296763439,1,0.4252772801240938,0.7667883984789094
ball_4_6,0.4872578056228158,1,0.7839165030669885,0
cup_6_1,0.841677336629369,0.8715608662990253,1,0.8980231814147019
paper_box_8_10,0.3494149295671339,1,0.2432752155947761,0
metal_box_5_1,1,0.7481062858032056,0.3839339100158203,0
plate_8_1,0.9511836196926968,1,0.2028515286276972,0.8763201597041194
ball_6_3,0.6726529765918151,0.9949644989552362,1,0
cup_3_7,0.8510423590457368,0.7982626957460921,1,0.9225003657798974
paper_box_1_9,1,0.7791359873187272,0.2598775555330679,0
bowl_3_2,0.9275541936539512,1,0.5201942716788405,0.7997011162178618
metal_box_3_5,0.957932754994493,1,0.3312750424393686,0
plate_10_4,0.8642002843028493,1,0.1126147241698417,0.8465272479298924
paper_box_1_10,1,0.7728489846940392,0.2602355772949081,0
cup_1_6,0.6166384710593104,0.6229352454094195,1,0.899101409743449
plate_4_3,0.9536776735764289,1,0.155484282543014,0.8096392421890573
plate_6_7,1,0.9948748848991993,0.1104830232759734,0.5899560460631496
paper_box_1_7,1,0.7697874992387099,0.268773651877424,0
sponge_7_6,0.7640863452463234,1,0.4065008763988011,0
bowl_3_1,0.9387719354918086,1,0.5273396196116302,0.799468257048866
sponge_4_1,0.8403323677044847,1,0.3191719292625474,0
