instance_name,flatness
plate_7_9,0
ball_5_9,0
cup_8_8,0
ball_10_3,0
to_go_cup_8_7,0
to_go_cup_10_4,0
paper_box_10_8,0.6893031513537505
bowl_4_6,0
metal_box_2_1,0.5503916449086161
sponge_2_6,0.8164983164983165
plastic_box_9_6,0.561675272518646
plate_8_5,0.5323359073359073
plastic_box_1_9,0.6136141038197845
to_go_cup_8_3,0
plate_1_7,0
bowl_10_3,0
metal_box_7_7,0.3701821262177044
book_7_7,0.9957061800337371
paper_box_6_4,0.711733462095606
paper_box_4_10,0.85541154687763
to_go_cup_6_6,0
paper_box_1_8,0.8803963198867657
plastic_box_5_7,0.9437919463087249
metal_box_3_10,0.7362840794345338
bowl_8_8,0
metal_box_10_8,0.718534253850239
plate_2_1,0
book_2_4,0.8632528938591328
cup_7_4,0
sponge_8_7,0
metal_box_10_5,0.7438105489773951
bowl_5_7,0
plastic_box_8_4,0.6280972417017298
bowl_10_2,0
book_5_5,0
plastic_box_1_4,0.6250920697274736
sponge_10_7,0.9449715370018975
book_9_4,0.9462700513938639
cup_5_9,0
plastic_box_9_3,0.5654659805603202
paper_box_5_7,0.4491935483870968
sponge_5_8,0.7617845117845118
metal_box_8_3,0.6411725067385444
plate_8_8,0.5392108304441142
paper_box_3_9,0.86336542870243
tray_3_9,0.951518691588785
sponge_4_8,0.7596899224806202
metal_box_4_6,0.7310799055548651
ball_10_8,0
cup_7_9,0
metal_box_9_9,0.6808675445391169
book_1_6,0.8610638814670877
ball_2_7,0
paper_box_2_1,0.1756799493991145
sponge_8_1,0.7105121293800539
ball_6_2,0
cup_1_1,0
tray_4_2,0.9804857795308283
plate_5_5,0
metal_box_4_5,0.7294960474308301
cup_6_7,0
plastic_box_10_5,0.7021772939346812
metal_box_8_4,0.6343906510851419
sponge_6_10,0.6498993963782697
plate_3_8,0
tray_4_8,0.9808444902162718
bowl_7_1,0
paper_box_10_9,0.6819787985865724
ball_8_8,0
cup_6_4,0
cup_2_8,0
cup_8_4,0
plate_9_9,0
tray_1_2,0.9715700141442716
cup_3_4,0
ball_8_3,0
metal_box_4_1,0.7283308568598316
sponge_2_3,0.8503344481605352
plate_10_4,0
to_go_cup_10_6,0
plastic_box_8_8,0.6242562929061785
plastic_box_2_1,0.7236842105263158
paper_box_10_3,0.6793960923623446
to_go_cup_5_2,0
plastic_box_6_7,0.698170731707317
book_6_8,0.8795032960294343
paper_box_8_3,0.6087106809540269
sponge_6_8,0.677815699658703
tray_7_2,0.8955739248718217
bowl_5_8,0
plate_3_7,0
paper_box_1_9,0.8758815232722144
book_3_7,0.8908027299317517
sponge_9_4,0.6695804195804196
cup_1_2,0
tray_10_10,0.9163860428458838
plate_5_1,0
to_go_cup_8_8,0
paper_box_10_7,0.6808888888888889
metal_box_9_7,0.6859856561349099
tray_5_4,0.9755650580329872
sponge_3_10,0.7817576009995835
bowl_7_9,0
plastic_box_8_1,0.6277921467199624
to_go_cup_10_9,0
sponge_4_5,0.7565002063557573
book_3_2,0.8858312858312858
paper_box_4_5,0.8603671888159002
book_4_3,0.9569017480409886
plate_6_8,0
book_6_9,0.8793023614755363
metal_box_3_2,0.7342762063227953
plate_1_4,0
tray_7_7,0
book_5_4,1
book_7_3,0.9964831804281346
metal_box_9_8,0.6799616490891659
ball_3_4,0
ball_3_8,0
plastic_box_5_10,0.9386401326699834
cup_2_6,0
to_go_cup_3_4,0
sponge_7_10,0.567965367965368
tray_2_4,0.9445637583892618
tray_7_3,0.893163286640184
sponge_7_5,0.5990950226244344
sponge_1_7,0.7915437561455261
bowl_1_7,0
metal_box_10_9,0.7517501346257405
ball_6_6,0
bowl_8_1,0
tray_5_7,0.9657072872014697
bowl_3_3,0
book_10_10,0.803818301514154
plastic_box_7_3,0.5215644253951246
metal_box_2_6,0.5529100529100529
to_go_cup_4_6,0
book_7_1,0.9966376279993887
book_6_5,0.8898814107500385
cup_4_10,0
bowl_5_4,0
paper_box_3_2,0.8655156746933212
ball_3_9,0
book_9_5,0.9493572866656342
plate_10_5,0
tray_10_8,0.917000859352621
book_5_10,0.9971693257848687
sponge_5_9,0.7988115449915111
cup_6_10,0
ball_9_9,0
metal_box_3_6,0.7451542221473116
tray_8_10,0.9667885435709933
plate_6_4,0
cup_5_5,0
paper_box_3_8,0.8534365043240782
sponge_7_9,0.6797853309481217
metal_box_5_9,0.7703378276018785
tray_7_10,0.9036485636401761
ball_1_2,0
tray_6_6,0.9871278372801415
bowl_6_2,0
tray_5_3,0.9700586688246005
book_7_10,0.9976772994735212
plate_4_5,0
tray_5_5,0.9684638860630722
plate_3_2,0
bowl_7_2,0
to_go_cup_9_2,0
paper_box_4_1,0.8599831508003369
bowl_10_8,0
bowl_5_1,0
tray_5_10,0
cup_3_7,0
cup_10_5,0
tray_8_2,0.9576297206017808
plastic_box_3_6,0.2330547818012999
paper_box_9_8,0.1671665351223362
plate_4_3,0
metal_box_10_7,0
plastic_box_2_5,0.7109190887666929
plate_3_10,0
paper_box_1_7,0.8657342657342657
ball_1_4,0
plate_4_4,0
paper_box_8_9,0.6070572113737581
book_3_1,0.8849355312551004
plate_8_6,0.5600595632031767
bowl_4_8,0
metal_box_8_5,0.6438909458094918
ball_5_5,0
book_9_7,0.9374902814492303
sponge_8_10,0.7268722466960352
metal_box_9_2,0.6770150404936367
plastic_box_6_1,0.707258548290342
plastic_box_2_3,0.7134964483030781
plate_2_10,0
ball_4_3,0
plastic_box_4_2,0.3920994879297732
paper_box_3_5,0.8421052631578947
to_go_cup_3_5,0
sponge_5_4,0.7664359861591695
bowl_3_1,0
book_7_2,0.9938471004460853
metal_box_6_7,0
plastic_box_6_9,0.6990464839094159
cup_1_8,0
sponge_7_6,0.5964163822525598
cup_6_8,0
book_5_7,0
plate_1_6,0
ball_10_10,0
metal_box_3_4,0.7392632829740282
bowl_1_6,0
cup_4_7,0
sponge_4_1,0.7536525974025974
metal_box_10_3,0.7366472765732417
tray_6_2,0.9871744277821626
tray_8_1,0.9682979378270237
book_10_7,0.8010059042204243
paper_box_10_4,0.6783496007098492
metal_box_6_1,0.8158573774337321
cup_5_8,0
sponge_4_7,0.752851711026616
bowl_8_6,0
to_go_cup_5_10,0
sponge_8_6,0.7068870523415978
sponge_9_10,0.6756850502948317
paper_box_7_5,0.9296568627450981
metal_box_9_6,0.6786885245901639
plastic_box_1_10,0.6237551615253826
plastic_box_8_6,0.6209602954755309
book_8_5,0.9547177759056444
book_5_1,1
to_go_cup_8_4,0
book_8_4,0.9622245540398741
to_go_cup_2_6,0
ball_1_1,0
book_1_9,0.8579127878490935
book_2_3,0.8624068992551941
tray_7_8,0.9028403731265067
metal_box_4_10,0.7300780765894163
tray_3_10,0.9548901419405017
plate_9_10,0
cup_1_4,0
tray_4_1,0.9693686184621796
bowl_8_2,0
paper_box_5_5,0.4501206757843926
bowl_9_1,0
plate_7_4,0
plate_10_2,0
plate_4_6,0
tray_3_2,0.949566055930569
plate_5_10,0
plastic_box_10_3,0.7396694214876033
book_8_6,0.953265178385145
plastic_box_2_10,0.7349794238683127
plastic_box_7_4,0.52400548696845
cup_9_3,0
to_go_cup_2_7,0
sponge_6_2,0.6456043956043956
tray_3_5,0.9555037404061012
bowl_1_4,0
plate_9_1,0
tray_10_4,0.9194563662374822
sponge_7_4,0.6220614828209765
sponge_7_8,0.64568345323741
plate_6_10,0
tray_7_1,0.8989411888038579
sponge_10_2,0.9285014691478942
plate_8_2,0.5605263157894737
ball_5_10,0
to_go_cup_9_4,0
to_go_cup_3_9,0
bowl_6_4,0
metal_box_2_4,0.548618219037871
book_4_8,0.9593111856141421
paper_box_6_10,0.7155919153031761
plate_7_10,0
paper_box_6_6,0.7198462277751081
metal_box_10_1,0.7136125654450262
plastic_box_2_6,0.6956521739130435
plastic_box_3_4,0.242265661074342
cup_9_5,0
book_9_2,0.9498758535071384
bowl_10_7,0
cup_9_10,0
cup_5_4,0
tray_9_10,0.9267108167770419
paper_box_4_7,0.8572630870223868
plate_10_8,0
tray_5_6,0.978051282051282
book_10_9,0.8024202420242024
ball_1_10,0
bowl_2_9,0
to_go_cup_8_9,0
metal_box_8_10,0.6531772575250836
sponge_5_6,0.7866108786610879
to_go_cup_9_6,0
ball_7_9,0
ball_2_2,0
plastic_box_10_6,0.7090909090909091
to_go_cup_1_3,0
sponge_1_5,0.8191287878787878
cup_8_2,0
metal_box_8_8,0.6395582329317269
tray_5_2,0.970204081632653
ball_1_5,0
tray_8_9,0.9626888683317916
cup_9_7,0
metal_box_3_8,0.7306260575296109
plastic_box_9_2,0.5663793103448276
paper_box_5_8,0.4637910565888405
cup_2_5,0
metal_box_8_2,0.6444073455759599
sponge_1_6,0.7897334649555775
plastic_box_6_10,0.7022302591922845
tray_6_4,0.9869319869319869
ball_8_5,0
paper_box_10_5,0.6886120996441281
sponge_3_6,0.7750937109537692
bowl_9_6,0
paper_box_8_10,0.6210777626193724
cup_6_1,0
ball_4_6,0
to_go_cup_4_3,0
to_go_cup_4_8,0
tray_7_9,0.9021807506814846
cup_9_6,0
paper_box_5_9,0.4434499593165175
to_go_cup_9_5,0
tray_4_3,0.9780447390223695
plastic_box_2_8,0.7577996715927751
cup_1_5,0
cup_1_7,0
cup_8_3,0
tray_1_10,0.9713886950453594
to_go_cup_1_4,0
ball_4_7,0
plate_1_3,0
to_go_cup_1_9,0
to_go_cup_9_9,0
sponge_10_8,0.9342995169082126
plate_9_2,0
metal_box_1_10,0.4983069977426637
to_go_cup_4_10,0
paper_box_5_2,0.4516256938937351
to_go_cup_5_6,0
cup_1_6,0
bowl_3_9,0
metal_box_6_9,0.8186101295641932
tray_1_3,0.9722222222222222
tray_4_9,0.9700335289186923
tray_6_9,0.9877567140600316
plastic_box_4_6,0.3769287288758266
metal_box_3_9,0.7367711493090664
paper_box_2_9,0.1838143036386449
cup_10_10,0
ball_9_3,0
plate_6_9,0
ball_3_3,0
metal_box_10_2,0.7339692633810281
sponge_1_1,0.8181818181818182
bowl_8_4,0
plate_6_1,0
plate_1_5,0
book_4_4,0.9613753408058164
sponge_10_10,0.9343137254901961
ball_9_8,0
tray_9_9,0.9278761061946903
book_5_8,0.9997367035281727
metal_box_10_4,0.722872340425532
sponge_3_5,0
ball_8_2,0
bowl_4_7,0
cup_6_5,0
bowl_5_10,0
sponge_10_5,0.9580552907530981
ball_6_3,0
plate_4_2,0
book_9_6,0.9481631382316313
bowl_8_9,0
to_go_cup_6_3,0
to_go_cup_7_4,0
to_go_cup_9_7,0
paper_box_4_9,0.8565407956844234
plate_8_4,0.5506679700228088
sponge_4_6,0.7616449853126311
paper_box_8_5,0.6197666437886067
to_go_cup_5_3,0
paper_box_10_6,0.6738938053097345
tray_2_2,0.9417214985900363
plastic_box_8_5,0.6342528735632184
paper_box_6_2,0.7108610567514677
plate_6_5,0
cup_5_10,0
sponge_2_10,0.8387635756056808
plate_5_2,0
paper_box_10_2,0.6725429704715734
sponge_8_9,0.7407407407407407
plastic_box_4_1,0.4087152516904583
cup_9_4,0
metal_box_6_6,0.8217237308146399
to_go_cup_7_5,0
sponge_7_2,0.5961199294532628
plastic_box_8_10,0.6365740740740741
bowl_5_3,0
ball_2_4,0
to_go_cup_4_1,0
cup_7_5,0
book_8_2,0.9550180352217271
plate_9_4,0
bowl_6_6,0
ball_6_10,0
tray_7_4,0.9021522309711286
cup_10_2,0
bowl_8_7,0
to_go_cup_7_10,0
ball_9_10,0
plastic_box_9_7,0.5652421652421652
plate_2_7,0
cup_10_9,0
plastic_box_4_7,0.4010378057820608
sponge_1_8,0.806829268292683
book_3_9,0.8975069252077562
sponge_9_1,0.6634112312521799
paper_box_2_8,0.1816157760814249
metal_box_1_3,0.5089086859688196
paper_box_6_7,0.7334293948126801
cup_5_7,0
to_go_cup_2_2,0
plastic_box_4_8,0.3886048210372535
cup_2_10,0
paper_box_8_2,0.5971840659340659
tray_1_5,0.9712603392681901
book_1_3,0.859504132231405
ball_2_1,0
sponge_4_2,0.7603372139702931
bowl_6_7,0
bowl_10_6,0
plastic_box_6_6,0.7048780487804878
plastic_box_8_7,0.6402325581395348
to_go_cup_4_5,0
bowl_7_3,0
paper_box_1_4,0.8694424841213833
to_go_cup_6_4,0
plastic_box_7_7,0.5240755520085129
paper_box_10_10,0.6851363236587511
tray_9_5,0.923876963930073
metal_box_8_7,0.6419959812458138
tray_6_3,0.986495810744209
tray_2_5,0.944049376090165
bowl_2_7,0
ball_7_3,0
paper_box_6_1,0.7345261121856866
plate_2_8,0
book_1_8,0.8534146341463414
ball_10_9,0
metal_box_5_6,0.7696026590119354
ball_10_1,0
tray_9_4,0.9279500334597368
metal_box_9_1,0.678432893716059
tray_1_9,0.9648803693857563
ball_7_6,0
ball_3_7,0
ball_4_9,0
paper_box_3_1,0.8691244239631336
paper_box_5_10,0.4493338716188938
metal_box_1_7,0.5135440180586908
book_2_1,0.8694547586476451
cup_4_9,0.1624040920716112
bowl_9_8,0
cup_7_8,0
plastic_box_4_9,0.3950524737631184
to_go_cup_6_7,0
plastic_box_9_5,0.5633314054366686
plate_9_3,0
metal_box_4_4,0.7284686026309258
bowl_2_8,0
sponge_4_4,0.7479508196721312
bowl_2_10,0
sponge_5_5,0.8085470085470086
metal_box_1_2,0.4963297571993224
tray_9_8,0.9298557158712542
plastic_box_1_1,0.6262088974854932
to_go_cup_6_10,0
cup_4_1,0
bowl_7_4,0
paper_box_5_4,0.4586012861736334
ball_4_5,0
bowl_6_8,0
tray_3_3,0.9518177411536597
tray_8_6,0.9624036979969184
tray_5_1,0.9740551583248213
tray_3_1,0.9540999514798642
plate_7_8,0
bowl_7_6,0
ball_2_5,0
sponge_2_5,0.8396694214876033
paper_box_8_7,0.5955479452054795
paper_box_9_7,0.1640920554854981
plastic_box_6_5,0.704191616766467
paper_box_4_3,0.8595515090204012
ball_4_4,0
tray_3_6,0.95361328125
to_go_cup_6_2,0
to_go_cup_9_1,0
book_1_2,0.8591515151515151
plastic_box_7_1,0.516395627832578
book_2_5,0.8649921507064364
book_6_6,0.8808353808353808
bowl_5_2,0
to_go_cup_10_7,0
bowl_5_5,0
cup_9_1,0
ball_4_1,0
ball_4_8,0
to_go_cup_6_1,0
plastic_box_1_5,0.6268803945745992
book_2_8,0.8639308855291576
bowl_9_5,0
metal_box_7_10,0
sponge_3_2,0.7856272838002436
sponge_5_7,0.7858985382631126
plastic_box_2_4,0.7197802197802198
bowl_4_9,0
plate_1_9,0
sponge_7_3,0.6336996336996337
sponge_5_1,0.8042735042735043
bowl_9_3,0
tray_2_8,0
plate_3_3,0
tray_4_4,0.9831950207468879
paper_box_6_3,0.7300672430355427
ball_7_10,0
plate_4_7,0
plastic_box_5_9,0.9434931506849316
to_go_cup_1_5,0
to_go_cup_8_10,0
metal_box_3_3,0.7394901232483538
book_9_3,0.947360248447205
ball_3_5,0
metal_box_10_6,0.7372836916622968
cup_4_6,0
ball_5_6,0
tray_3_7,0.9524321156475875
book_8_3,0.9517386722866175
cup_10_7,0
cup_4_3,0
bowl_1_9,0
plate_5_8,0
ball_6_9,0
cup_3_3,0
bowl_8_3,0
plastic_box_1_2,0.6241237611795988
to_go_cup_1_6,0
plate_4_10,0
metal_box_6_2,0.8220018885741265
tray_10_7,0.9121825226000861
metal_box_5_5,0.7730786721236926
cup_8_6,0
paper_box_7_9,0.9185475956820413
tray_7_6,0.892689540098029
book_6_1,0.8768851954447522
book_9_1,0.9527436654748951
plate_2_5,0
book_4_10,0.9637407463363046
tray_8_4,0.9570252971654983
paper_box_3_7,0.8509874326750448
ball_3_1,0
cup_2_3,0
metal_box_7_3,0.3654414871144909
sponge_10_9,0.9444444444444444
ball_3_2,0
plate_1_1,0
metal_box_5_4,0.7737049378976067
metal_box_2_9,0.54638124362895
paper_box_9_3,0.166403785488959
tray_2_10,0.9452915997859818
plastic_box_7_6,0.518186610437533
paper_box_5_3,0.4579476861167002
sponge_9_9,0.6707189996526571
cup_6_9,0
bowl_7_5,0
book_4_5,0.9587363966142685
sponge_4_3,0.7614418793033617
bowl_7_10,0
paper_box_1_1,0.8702127659574468
plastic_box_10_4,0.726271186440678
sponge_6_4,0.6539263377345379
cup_4_4,0
book_2_2,0.8642843194688538
book_3_4,0.8806530612244898
ball_10_4,0
plastic_box_6_2,0.7003003003003003
cup_9_2,0
ball_2_8,0
sponge_9_7,0
plate_6_6,0
plastic_box_10_7,0.6842525979216627
to_go_cup_5_7,0
to_go_cup_2_1,0
paper_box_7_1,0.9154411764705882
plate_10_6,0
plastic_box_6_4,0.702622169249106
cup_10_4,0
metal_box_2_5,0.5679205851619644
metal_box_7_6,0.3743801652892562
tray_9_1,0.9383073496659243
cup_3_5,0
plate_5_9,0
ball_8_10,0
book_4_2,0.957108214610488
sponge_5_10,0.8005071851225697
bowl_4_10,0
bowl_3_2,0
ball_2_6,0
to_go_cup_3_8,0
metal_box_5_2,0.7678625722103983
tray_1_6,0.9732921000843407
ball_10_6,0
plastic_box_10_8,0.7326332794830371
sponge_4_9,0.7530045586406963
ball_9_1,0
tray_6_5,0.9881633458275794
plate_9_7,0
metal_box_7_8,0.379646017699115
book_5_9,1
metal_box_8_1,0.6330244870946393
ball_5_7,0
plate_8_1,0.5514485514485514
bowl_2_5,0
sponge_10_1,0.9483805668016194
tray_6_10,0.9876016663360444
plate_6_7,0
plastic_box_5_5,0.9276703111858705
plastic_box_1_8,0.6297015287551565
cup_4_5,0
metal_box_1_1,0.5151175811870101
ball_6_5,0
to_go_cup_3_7,0
tray_5_8,0.9731258840169731
plate_10_1,0
metal_box_4_9,0.7270253555967842
cup_3_6,0
sponge_2_4,0.8369932432432432
bowl_6_3,0
to_go_cup_7_2,0
plate_4_1,0
plastic_box_9_1,0.5631548311990687
to_go_cup_10_2,0
ball_2_9,0
ball_5_8,0
plastic_box_1_7,0.6227371469949312
paper_box_7_4,0.9337764647956671
sponge_2_1,0.8596491228070176
tray_10_9,0.9214152432897947
cup_10_6,0
bowl_6_10,0
to_go_cup_9_3,0
to_go_cup_4_9,0
book_10_2,0.806775956284153
book_1_1,0.8515453881723047
cup_9_8,0
plate_1_10,0
metal_box_2_2,0.5456453305351522
to_go_cup_9_8,0
sponge_1_2,0.7863777089783281
cup_8_1,0
book_10_8,0.8141847105612019
book_10_5,0.8077177508269019
bowl_10_10,0
sponge_8_4,0.7471513836136734
sponge_7_7,0.6171673819742489
paper_box_6_5,0.7455335586673105
metal_box_9_5,0.6760672203979139
bowl_3_5,0
plastic_box_9_8,0.564658863831002
ball_9_6,0
paper_box_6_9,0.7029893924783028
bowl_1_8,0
plastic_box_9_9,0.5672830725462304
cup_3_8,0
cup_2_1,0
sponge_9_6,0.6715458764726884
cup_6_6,0
plate_2_6,0
plate_8_3,0.5713796644984594
cup_5_3,0
sponge_10_3,0.9347181008902077
sponge_9_5,0.6625874125874126
metal_box_7_9,0.3801546391752577
plastic_box_10_9,0.7136075949367089
tray_9_2,0.9380550621669627
to_go_cup_1_10,0
bowl_1_10,0
plastic_box_3_1,0.2449105490438001
metal_box_1_9,0.5178066704352742
to_go_cup_6_9,0
paper_box_2_7,0.1788630653266332
metal_box_5_7,0.7686441970413299
metal_box_2_7,0.555086979441223
book_8_9,0.9585987261146497
to_go_cup_2_9,0
cup_3_2,0
tray_3_8,0.9483209135778573
ball_6_8,0
bowl_2_4,0
tray_9_6,0.9389920424403183
ball_7_5,0
metal_box_7_2,0.3722780569514238
to_go_cup_2_4,0
tray_5_9,0.9644958409413674
to_go_cup_3_10,0
paper_box_1_2,0.8702664796633941
paper_box_9_9,0.1624542997933556
to_go_cup_10_1,0
to_go_cup_1_1,0
tray_7_5,0.8935253310910237
book_7_5,0.9964274619447033
tray_9_7,0.9390216662943935
cup_3_1,0
ball_9_2,0
sponge_6_3,0.6458046767537826
ball_8_6,0
metal_box_4_7,0.7279612614849764
plate_10_3,0
plate_7_3,0
ball_4_2,0
to_go_cup_7_9,0
bowl_10_4,0
metal_box_3_5,0.7395763281775387
plate_1_2,0
bowl_4_5,0
metal_box_4_2,0.7285095856524428
cup_8_9,0
paper_box_4_8,0.8587360594795539
metal_box_6_3,0.8107218434046556
book_3_3,0.8779418925499107
metal_box_5_10,0.7704197605697833
paper_box_1_5,0.8877980364656382
cup_10_1,0
ball_1_6,0
paper_box_4_4,0.8533085752869682
paper_box_3_3,0.86492673992674
bowl_2_6,0
ball_10_5,0
tray_8_8,0.9640266021765417
book_8_1,0.9551322751322752
paper_box_4_2,0.8564931783729156
paper_box_1_6,0.8703573931324456
plate_3_5,0
tray_8_5,0.973586078309509
plastic_box_1_6,0.6119439665765545
sponge_8_2,0.744299674267101
book_1_10,0.8595682755275285
bowl_5_9,0
paper_box_2_3,0.1768060836501901
plastic_box_7_10,0.5403422982885085
plastic_box_8_9,0.6264194669756663
metal_box_1_6,0.5087620124364047
paper_box_9_2,0.1648473342825502
plate_2_4,0
to_go_cup_5_8,0
tray_8_7,0.9554606467358145
bowl_3_6,0
cup_10_3,0
plate_3_6,0
book_10_6,0.8066079295154185
plate_5_3,0
sponge_6_5,0.6581740976645435
cup_3_9,0
metal_box_5_8,0
book_4_1,0.9555284800487359
paper_box_2_2,0.1743744060817232
plastic_box_3_5,0.2322091584158416
book_6_4,0.8850168867055572
bowl_7_8,0
sponge_3_4,0.7827542904981164
plastic_box_3_3,0.2397365196078431
plastic_box_7_8,0.5266666666666666
tray_1_7,0.9699216564073867
plate_4_8,0
ball_1_7,0
metal_box_4_8,0.7285501119124596
metal_box_9_4,0.6815910837817064
to_go_cup_1_7,0
book_7_9,0.9967756794104099
plate_7_2,0
sponge_2_7,0.8259762308998302
sponge_2_9,0.8658843252305113
tray_2_6,0.9559435862995299
book_8_8,0.9590581247348324
ball_6_4,0
plastic_box_8_3,0.611214953271028
cup_8_7,0
bowl_8_5,0
metal_box_1_8,0.5002788622420524
bowl_9_4,0
ball_2_10,0
sponge_10_6,0
paper_box_7_10,0.9180368098159509
metal_box_6_5,0.8143261074458058
paper_box_8_4,0.6051546391752577
paper_box_3_4,0.8755129958960328
plastic_box_6_3,0.7072289156626506
bowl_2_2,0
cup_7_7,0
metal_box_6_4,0.8132075471698114
cup_2_7,0
book_3_8,0.8795811518324608
plastic_box_5_2,0.914501257334451
paper_box_7_6,0.9211372064276885
to_go_cup_5_4,0
sponge_7_1,0.6200836820083682
cup_5_1,0
ball_1_3,0
ball_8_1,0
sponge_1_10,0.8153701968134958
plastic_box_5_1,0.9280936454849499
to_go_cup_4_7,0
bowl_6_9,0
cup_6_2,0
plate_7_5,0
book_8_10,0.9566407072195328
plastic_box_10_10,0.715008431703204
cup_7_10,0
book_4_7,0.9641017873371706
plastic_box_4_5,0.4052478134110787
paper_box_2_5,0.1814744801512287
to_go_cup_7_1,0
plastic_box_5_8,0.9291014014839242
paper_box_9_4,0.1654790182106096
to_go_cup_5_9,0
plastic_box_5_4,0.9363484087102177
book_1_7,0.8519240136385777
ball_6_1,0
cup_1_10,0
plate_2_9,0.816453240201785
tray_10_2,0.9155545989381547
plate_5_7,0
ball_1_9,0
plate_8_7,0.5495025281357038
cup_7_2,0
metal_box_6_8,0.8167217760982523
plastic_box_8_2,0.6289868667917449
plate_2_3,0
plate_3_9,0
plate_1_8,0
plate_10_10,0
plate_9_5,0
ball_9_5,0
to_go_cup_3_1,0
paper_box_9_5,0.1647582697201018
plastic_box_10_1,0.7183673469387755
book_2_7,0.861796643632774
tray_1_4,0.9687983134223471
ball_10_2,0
plate_3_4,0
ball_7_2,0
sponge_6_1,0.6593406593406593
tray_3_4,0.9516645637193051
book_10_1,0.8089690041767421
plate_8_9,0.5397323641169668
sponge_6_7,0.6664345403899722
to_go_cup_8_2,0
bowl_10_1,0
tray_1_8,0.9725003525595826
tray_4_7,0.9715405238193442
metal_box_9_3,0.6763854025873721
plastic_box_4_4,0.379615952732644
tray_6_7,0.9844472881189094
plastic_box_5_6,0.8878048780487805
bowl_4_2,0
bowl_5_6,0
paper_box_9_1,0.1627687961073615
metal_box_2_10,0.5585161964472309
bowl_3_10,0
book_4_6,0.958452938510349
bowl_9_9,0
sponge_1_9,0.82
plastic_box_7_9,0.5214609437483337
ball_5_2,0
book_6_10,0
sponge_3_3,0.7771872444807849
paper_box_8_1,0.6050737058621872
cup_2_9,0
plastic_box_3_10,0.2380806377433696
sponge_2_8,0.823185988323603
sponge_5_2,0.7885615251299827
sponge_10_4,0.9466929911154985
to_go_cup_5_5,0
ball_2_3,0
plate_7_7,0
book_3_10,0.880835781913157
plate_6_2,0
to_go_cup_4_4,0
paper_box_10_1,0.6809734513274336
book_10_3,0.8062117235345582
to_go_cup_7_6,0
paper_box_1_3,0.8723404255319149
bowl_3_4,0
metal_box_9_10,0.6786534047436878
sponge_1_3,0.8107317073170732
cup_3_10,0
to_go_cup_7_8,0
to_go_cup_3_6,0
metal_box_3_7,0.7243006403774856
paper_box_2_6,0.1804962857594437
paper_box_9_10,0.160530889556012
to_go_cup_1_2,0
plastic_box_4_3,0.3937592867756315
to_go_cup_1_8,0
to_go_cup_3_2,0
book_4_9,0.9551718915644404
to_go_cup_8_1,0
ball_7_1,0
bowl_1_1,0
cup_8_10,0
paper_box_9_6,0.1658513492188733
cup_1_9,0
ball_5_4,0
sponge_6_6,0.6546961325966851
bowl_4_4,0
plastic_box_4_10,0.3736182756079587
sponge_5_3,0.7909556313993175
book_9_10,0.9478489631692975
sponge_6_9,0.6176266481609993
bowl_4_3,0
plate_7_6,0
plastic_box_2_7,0.7367986798679867
sponge_8_3,0.7346049046321526
paper_box_7_3,0.9047970479704797
ball_4_10,0
paper_box_2_10,0.1872460143794936
to_go_cup_2_5,0
tray_10_3,0.9177228786251342
tray_6_1,0.9871366849960723
tray_2_9,0.9444296375266524
ball_3_6,0
plastic_box_7_2,0.5282172995780591
bowl_6_1,0
to_go_cup_8_5,0
bowl_8_10,0
plastic_box_7_5,0.5203535083020889
paper_box_8_6,0.6051107325383305
metal_box_8_9,0.6610169491525424
sponge_3_8,0.7861609003751563
book_1_4,0.8587009209888512
book_2_9,0.8634117414508796
to_go_cup_2_10,0
bowl_6_5,0
plate_9_6,0
to_go_cup_9_10,0
to_go_cup_3_3,0
plate_10_7,0
plastic_box_1_3,0.614192298377331
sponge_4_10,0.7450020399836801
metal_box_7_5,0.3664383561643836
bowl_9_7,0
paper_box_4_6,0.8590524534686971
ball_7_4,0
to_go_cup_10_8,0
ball_6_7,0
cup_4_8,0
metal_box_1_4,0.5178268251273345
ball_7_8,0
ball_7_7,0
plate_5_6,0
tray_2_3,0.9471282877079978
metal_box_7_1,0.370940170940171
tray_9_3,0.9271201413427562
tray_10_6,0.9165949512335054
plate_10_9,0
to_go_cup_2_8,0
to_go_cup_4_2,0
ball_9_4,0
plate_7_1,0
paper_box_1_10,0.8802816901408451
bowl_1_2,0
ball_8_9,0
ball_8_4,0
metal_box_5_3,0.7692307692307693
book_5_6,0.9974404914256463
sponge_8_5,0.7393185505678745
plastic_box_9_10,0.5657175726200748
metal_box_7_4,0.3528678304239402
plastic_box_2_2,0.7510008006405124
book_1_5,0.854688267059401
cup_9_9,0
book_5_2,1
tray_1_1,0.9708805823883523
plastic_box_5_3,0.9051217464315701
ball_8_7,0
bowl_9_2,0
book_6_2,0.8844045080718854
to_go_cup_10_5,0
ball_5_3,0
plate_6_3,0
book_7_4,0.9958576250383553
cup_8_5,0
metal_box_3_1,0.735546940839373
plastic_box_6_8,0.7025733093955715
sponge_2_2,0.8521594684385382
book_9_9,0.9510305284363861
plastic_box_3_9,0.236291431189858
paper_box_6_8,0.7153920619554696
tray_6_8,0.9879779266850611
metal_box_1_5,0.5142697257974258
bowl_3_8,0
book_8_7,0.9537946895254025
book_10_4,0.809062912450506
plate_5_4,0
plate_8_10,0
paper_box_7_7,0.9346437346437346
paper_box_5_6,0.4623698959167334
plastic_box_9_4,0.5639769452449568
paper_box_5_1,0.4194206446348429
book_6_7,0.8780972774548792
paper_box_3_10,0.8574057037718491
bowl_1_5,0
book_2_6,0.8649177760375881
cup_7_3,0
tray_10_1,0.9161899313501144
sponge_9_8,0.6662001399580126
paper_box_8_8,0.6089613034623218
cup_7_1,0
bowl_7_7,0
metal_box_4_3,0.7257864751052762
tray_10_5,0
bowl_1_3,0
to_go_cup_7_7,0
tray_2_1,0.9414141414141414
sponge_1_4,0.8041543026706232
paper_box_3_6,0
tray_4_5,0.9748126561199001
cup_4_2,0
book_2_10,0.8536200434010653
to_go_cup_10_3,0
book_3_5,0.8781988986070619
plate_3_1,0
sponge_3_9,0.7870292887029289
sponge_8_8,0.7406605305901461
plastic_box_3_2,0.2400674950145728
to_go_cup_2_3,0
plate_2_2,0
plastic_box_10_2,0.7576489533011272
cup_1_3,0
cup_2_4,0
sponge_3_1,0.7876512307050479
cup_6_3,0
cup_10_8,0
plastic_box_3_7,0.2440871850363271
book_5_3,1
ball_3_10,0
bowl_2_1,0
to_go_cup_8_6,0
paper_box_2_4,0.1782020684168656
metal_box_2_3,0.5430051813471503
plastic_box_3_8,0.2381099444101297
book_6_3,0.8804963995710127
ball_5_1,0
ball_1_8,0
metal_box_8_6,0.6390194761584956
to_go_cup_5_1,0
metal_box_10_10,0.7417815482502651
cup_5_2,0
bowl_2_3,0
sponge_3_7,0.7856540084388186
metal_box_5_1,0.7713382507903056
tray_4_10,0.9738263398421271
sponge_9_2,0.6630510846745976
tray_4_6,0.9762445775666184
cup_5_6,0
bowl_10_9,0
metal_box_2_8,0.5427239772138788
plate_9_8,0
bowl_10_5,0
tray_8_3,0.9733828536056949
paper_box_7_2,0.917629702483403
ball_10_7,0
book_3_6,0.8791619295111256
bowl_3_7,0
ball_9_7,0
to_go_cup_6_8,0
bowl_9_10,0
book_7_6,0.9970809648179444
to_go_cup_7_3,0
book_9_8,0.9522628642281463
paper_box_7_8,0.9246810598626104
bowl_4_1,0
sponge_9_3,0.6580690135935866
to_go_cup_10_10,0
metal_box_6_10,0.8113828786453434
tray_2_7,0.943148297130598
plastic_box_2_9,0.75
to_go_cup_6_5,0
cup_2_2,0
book_7_8,0.9973954343496246
plate_4_9,0
cup_7_6,0
