instance_name,flatness,rigidity,length,width,height
tray_10_10,0.9163860428458838,0.1770298043271967,0.6221338068884694,1,0.09541292009581064
plate_2_2,0,0.2604965957482971,0.9345559582424836,1,0.1197622748266037
tray_7_8,0.9028403731265067,0.3325380821022504,0.5661208817511828,1,0.07888132082561652
to_go_cup_3_3,0,0.04665359300862875,0.8671989580203268,0.7957008423256594,1
plastic_box_9_2,0.5663793103448276,0.160188125027692,0.8875643924415257,1,0.5632568427150737
book_7_6,0.9970809648179444,0.6469459914999626,0.6765762479857383,1,0.06638242408565946
cup_10_1,0,0.1002437749938948,0.7635882803934936,1,0.7250755487128308
paper_box_9_9,0.1624542997933556,0.01943145120183282,0.3451274146636998,0.6824603707736117,1
plastic_box_6_5,0.704191616766467,0.2465895968563268,1,0.9520822345777222,0.3994085636480963
plate_8_3,0.5713796644984594,0.2390650494903946,0.9641850715710288,1,0.2050590127264716
metal_box_10_8,0.718534253850239,0.22005554451664,0.967379432519913,1,0.2991380993386488
plastic_box_3_10,0.2380806377433696,0.03304503319935668,0.408454379074514,0.7087345220721204,1
plate_4_4,0,0.3741081040749443,0.956374042784022,1,0.1475844166060681
ball_7_7,0,0.07975884093340925,0.5991342920983187,1,0.8879965403219717
cup_4_8,0,0.08439038153153439,0.556698053796127,0.673869336692059,1
ball_9_10,0,0.1832583177483557,0.8008091453678036,1,0.9561626006851812
sponge_6_8,0.677815699658703,0.8520456665974913,0.7006005585268197,1,0.4442043829269908
book_2_1,0.8694547586476451,0.1553748678460916,1,0.6960388706894368,0.1978967291780822
to_go_cup_10_8,0,0.1017722452067388,0.9100478563514741,0.9146075762389382,1
to_go_cup_8_8,0,0.04743232453534189,0.6133495944706892,0.5851847902676897,1
ball_4_2,0,0.3283498746864084,0.5097176249474982,1,0.8023332901739654
plate_3_6,0,0.3679601907954563,0.9766560131665699,1,0.1012125487812323
cup_4_1,0,0.09640937687541,0.5595743640402596,0.6813027613480263,1
bowl_1_10,0,0.1776274360033869,0.5785217050662698,1,0.4446988384003959
tray_5_4,0.9755650580329872,0.3892631982372534,0.7167108826920633,1,0.1147012747096872
bowl_4_10,0,0.0959492024131934,0.998276614544127,1,0.5924695238333078
bowl_3_5,0,0.1419405359311143,0.9297404567484038,1,0.5222940880288898
to_go_cup_8_7,0,0.0549648568893006,0.6168197436072672,0.544185403858668,1
plastic_box_2_9,0.75,0.1866751293971392,0.791868695499523,1,0.4952981079475171
cup_1_1,0,0.06297541347574119,0.6118151352432702,0.624802865775166,1
cup_2_7,0,0.09714136632160411,0.6947804752563108,1,0.6670484053635037
tray_2_3,0.9471282877079978,0.3945740967470029,0.975264728248577,1,0.09731057905648925
to_go_cup_7_3,0,0.048426589693761,0.7624912458192651,0.759023920146288,1
book_3_5,0.8781988986070619,0.2331849370995303,0.6923745101210058,1,0.1614266000642183
paper_box_9_10,0.160530889556012,0.0193978813815369,0.3425553180111642,0.68490405856266,1
bowl_2_5,0,0.1092858845399777,0.9576389218777773,1,0.471163845754291
plate_3_9,0,0.3658754540294636,0.9672899964949744,1,0.1004620096146685
to_go_cup_10_5,0,0.09820834703898891,1,0.811845864321538,0.9209197813490917
ball_4_6,0,0.3630950284464661,0.4872578056228158,1,0.7839165030669885
cup_3_4,0,0.04809141152556073,0.8575803646534863,0.8093016054868325,1
ball_2_3,0,0.2053417419793367,0.8175196441534351,1,0.9762206862892274
bowl_8_7,0,0.2061847691914928,0.9523367591931234,1,0.434194596308972
sponge_2_7,0.8259762308998302,0.3509260908035911,0.5634126244933233,1,0.223552216155756
bowl_6_9,0,0.1346200555023898,0.9851948828202,1,0.4961838916525579
metal_box_4_10,0.7300780765894163,0.1263905931480602,0.942903047932526,1,0.3880897594794968
cup_3_3,0,0.04665359300862875,0.8671989580203268,0.7957008423256594,1
metal_box_1_3,0.5089086859688196,0.1565293988085049,0.9277997187559194,1,0.7867593665443315
metal_box_10_6,0.7372836916622968,0.2140394429087988,0.9227454660488414,1,0.3009350505449164
to_go_cup_5_8,0,0.12108279616129,0.9464300429038682,1,0.8241058434356697
paper_box_10_10,0.6851363236587511,0.2018723572882774,0.9038704483360349,1,0.4998570546240132
plate_8_1,0.5514485514485514,0.2514473087715599,0.9511836196926968,1,0.2028515286276972
sponge_8_1,0.7105121293800539,0.2936081713330397,0.3539753122528044,1,0.1844981097443699
to_go_cup_5_9,0,0.1720474066016881,0.9225802032444365,1,0.8368262928687591
to_go_cup_3_8,0,0.0558904150915912,0.8832554896591119,0.7958313927499345,1
paper_box_3_7,0.8509874326750448,0.2652335969910837,0.6523656012656172,1,0.2858218634069011
cup_1_3,0,0.06709537743252827,0.6134099365663098,0.6440346711665687,1
tray_6_9,0.9877567140600316,0.1965538233764859,0.8254853547901803,1,0.08737352123270498
cup_8_4,0,0.04869546524787496,0.5855432795821489,0.5459607894938215,1
plastic_box_6_7,0.698170731707317,0.1899465662799565,1,0.9501193084797495,0.397478080971661
tray_1_4,0.9687983134223471,0.2494045307963545,1,0.9992325318032674,0.1120480400295915
plastic_box_1_10,0.6237551615253826,0.09108572025287386,0.9121178494103491,1,0.5652396188786405
metal_box_7_5,0.3664383561643836,0.05550782638555472,0.7552565251259923,0.6813885620557257,1
ball_6_7,0,0.1991642534161059,0.6465368215322056,1,0.9742205018564684
tray_8_1,0.9682979378270237,0.346018585533147,0.9882511225125311,1,0.1246794843719765
metal_box_6_6,0.8217237308146399,0.3075336019975159,0.9658577461830693,1,0.226768717300205
plastic_box_8_3,0.611214953271028,0.1762316901088944,0.6906409007849433,1,0.3834830486742886
plastic_box_5_2,0.914501257334451,0.1530245925356175,1,0.8575330720936621,0.3484538017067848
cup_5_8,0,0.12108279616129,0.9464300429038682,1,0.8241058434356697
book_6_4,0.8850168867055572,0.2813696922537544,0.7026040752200642,1,0.1241257957942815
plate_3_3,0,0.2980216912144798,0.9813420396937196,1,0.1217652541942864
book_8_1,0.9551322751322752,0.4136258186809517,0.7508318852553847,1,0.107274765147259
sponge_4_7,0.752851711026616,0.4591556183377299,0.8335261691609149,1,0.309063022336611
tray_5_3,0.9700586688246005,0.3502386208283428,0.6816658210097941,1,0.1253387021390995
cup_5_2,0,0.09317046168193767,0.9817313710286274,1,0.8457524554540216
paper_box_7_5,0.9296568627450981,0.4320730480573658,0.5507466830306971,1,0.1212108797399476
bowl_7_10,0,0.1213938879704514,0.9913895263160087,1,0.7363206709314423
paper_box_10_6,0.6738938053097345,0.1773027763886338,0.9245455765384553,1,0.5144436170505845
bowl_9_8,0,0.06906626438992099,0.9942154681053753,1,0.5938616845626067
metal_box_3_9,0.7367711493090664,0.1405747925664353,0.9669778943865781,1,0.3361149537220492
sponge_5_6,0.7866108786610879,0.6381980972874596,0.9096170544988711,1,0.3575598593229506
tray_8_4,0.9570252971654983,0.3889002969872359,0.9643585099565184,1,0.1236423248540924
metal_box_10_3,0.7366472765732417,0.1903759229049392,0.9441502983047247,1,0.3016395320013517
metal_box_2_3,0.5430051813471503,0.1779193910481049,0.9377698484733845,1,0.7053498839894603
plastic_box_5_5,0.9276703111858705,0.1665037373020732,1,0.8758213963514668,0.3287068906482146
metal_box_7_9,0.3801546391752577,0.06066682608873402,0.792412779418324,0.7052695579228307,1
tray_7_4,0.9021522309711286,0.2930968825738521,0.5636254273942287,1,0.08220127872139121
metal_box_6_7,0,0.1870509365301802,0.9625888933059475,1,0.226110735985907
sponge_5_2,0.7885615251299827,0.6131250959987096,0.9122934899643741,1,0.3625969968620816
paper_box_7_1,0.9154411764705882,0.2687358842439025,0.541228080012549,1,0.1228671705628072
ball_4_7,0,0.3576593423358921,0.5156190590866884,1,0.840264022581549
plastic_box_4_5,0.4052478134110787,0.1763344349308854,0.966614636472068,0.970236918413075,1
book_4_4,0.9613753408058164,0.3790583458517957,0.7542715211638462,1,0.0989420006542321
sponge_9_8,0.6662001399580126,0.3051504228018927,0.6082553164256066,1,0.3057037102220435
to_go_cup_1_3,0,0.04618947705839935,0.6134099365663098,0.6440346711665687,1
book_6_3,0.8804963995710127,0.1963914168397839,0.716247087447771,1,0.1317425318979387
book_8_10,0.9566407072195328,0.4207450279274764,0.7526787441115117,1,0.1081518831362445
book_5_8,0.9997367035281727,0.7858088469218172,1,0.7123804755577183,0.06213750983126414
book_10_10,0.803818301514154,0.1637424218746145,0.7320898736778684,1,0.2492921702783946
paper_box_1_4,0.8694424841213833,0.445583429783456,1,0.7551757005655076,0.2575684080011899
book_10_6,0.8066079295154185,0.2278038504748852,0.7392132359158052,1,0.2527966771568333
tray_5_2,0.970204081632653,0.3170795712289809,0.699772042541639,1,0.1086498285986885
book_5_10,0.9971693257848687,0.3567950289254966,1,0.7146106563262962,0.0786523229929628
sponge_1_3,0.8107317073170732,0.6740530840921629,0.6705909819482663,1,0.2513317650364468
cup_4_3,0,0.06724969801812411,0.5576978602474253,0.6832145722817426,1
plate_7_3,0,0.5431830169799617,1,0.9992659041492996,0.1033302086245693
sponge_6_5,0.6581740976645435,0.9019146843412312,0.7064033255921239,1,0.4283172338579389
book_10_1,0.8089690041767421,0.2234060412855176,0.7342831575014762,1,0.2529909608085562
tray_7_9,0.9021807506814846,0.4296711879007874,0.5651336595736105,1,0.08045647580232804
sponge_10_10,0.9343137254901961,0.8963459724308576,0.8903908511471151,1,0.1430314923611626
metal_box_5_3,0.7692307692307693,0.1579026006197534,1,0.7723624177773794,0.3825216133402128
plastic_box_1_8,0.6297015287551565,0.09009379682827624,1,0.9944194756206687,0.6115021008565852
tray_9_4,0.9279500334597368,0.2181420678383569,0.5750533148690694,1,0.1317965829102429
book_9_6,0.9481631382316313,0.2532132790239802,0.7172069794870062,1,0.09566703288308293
book_10_4,0.809062912450506,0.2257606069564372,0.7346455487352401,1,0.2530515398753758
paper_box_9_6,0.1658513492188733,0.02014745698074908,0.3457793752798958,0.6803489738914523,1
to_go_cup_6_3,0,0.07427610798383015,0.8454324636301741,0.8689376152646652,1
plate_6_9,0,0.2808152093712787,0.9891597816595538,1,0.1081385548482216
book_6_8,0.8795032960294343,0.2059251139257075,0.7179713164348811,1,0.1263913779198997
cup_6_1,0,0.07427283407531052,0.841677336629369,0.8715608662990253,1
plate_1_2,0,0.4417340225676289,0.9468682830101249,1,0.1326726875952094
bowl_5_7,0,0.1296318149039527,0.9178165975359454,1,0.4195543064082409
bowl_9_1,0,0.0674771886818831,0.9589202005400985,1,0.6063410857827954
metal_box_8_3,0.6411725067385444,0.1484567418055232,0.9182596824188982,1,0.4514017266653984
paper_box_1_2,0.8702664796633941,0.4433816718688989,1,0.7876218350018187,0.2626512786448216
plastic_box_10_8,0.7326332794830371,0.4075203482079436,0.7627525302342935,1,0.3767069433053607
plastic_box_2_7,0.7367986798679867,0.2280600887509055,0.8060965612466812,1,0.5523543640733023
sponge_10_1,0.9483805668016194,1.131247954147926,0.9166746691229049,1,0.132420816555291
tray_3_7,0.9524321156475875,0.2648661976359321,0.9554326192405126,1,0.08301631588828497
metal_box_6_5,0.8143261074458058,0.3109031696486128,0.9658577461830693,1,0.2233276025836871
cup_6_5,0,0.07609985434360766,0.8313993747460048,0.860184130944624,1
to_go_cup_9_8,0,0.0599547453806074,0.5860090033023154,0.6129286004697201,1
metal_box_4_7,0.7279612614849764,0.1541841865017782,0.9547900139033666,1,0.3888063047453902
plastic_box_6_4,0.702622169249106,0.1487483030701558,1,0.9539326050074182,0.4185617337848102
metal_box_4_6,0.7310799055548651,0.1261178516340599,0.9663140457172894,1,0.3989496070127925
plate_5_7,0,0.3834978094703028,0.9663781775867591,1,0.1047501730571296
ball_2_2,0,0.1999633524984268,0.8415144637890206,1,0.994301960500681
cup_4_4,0,0.06745926240895415,0.5586154426423574,0.6657584893271218,1
paper_box_5_10,0.4493338716188938,0.1775093575661505,0.5168293520486397,1,0.5843609025798762
metal_box_7_2,0.3722780569514238,0.07820162389422142,0.7854805761468429,0.7116358613671088,1
book_7_5,0.9964274619447033,0.2880189050174501,0.6815097642892965,1,0.0701494278202459
sponge_2_5,0.8396694214876033,0.3809157240027833,0.5600041434919011,1,0.2075635480037687
cup_7_2,0,0.05756166395225403,0.767142348846891,0.7672869485814288,1
book_7_1,0.9966376279993887,0.3941889748287812,0.6801921096713439,1,0.07031269099244196
paper_box_8_5,0.6197666437886067,0.2410592257450754,0.3470614664519849,1,0.239240377637677
book_8_4,0.9622245540398741,0.4008686351270714,0.7545467013630678,1,0.1097796771295061
plate_5_5,0,0.3909401018933866,0.9575867535097263,1,0.101569502135547
to_go_cup_4_4,0,0.06745926240895415,0.5586154426423574,0.6657584893271218,1
tray_10_5,0,0.178752988534617,0.6209396861671329,1,0.09579581875192698
cup_3_6,0,0.05682295583767642,0.8591402687077313,0.8058583919273496,1
book_10_3,0.8062117235345582,0.2227058135215154,0.7348878862449059,1,0.2561008496352871
paper_box_5_3,0.4579476861167002,0.1827804868941971,0.5236752801883107,1,0.5807728247439605
ball_3_4,0,0.3179698218123455,0.6039368509600374,1,0.809412602380104
book_7_7,0.9957061800337371,0.3820162040554365,0.6738900760282895,1,0.07056352812530871
paper_box_1_5,0.8877980364656382,0.4604188825440148,1,0.7711813996393905,0.2609562847313015
tray_1_5,0.9712603392681901,0.435663219781296,1,0.9775161637505815,0.1053856572119911
metal_box_5_5,0.7730786721236926,0.1552218628160033,1,0.7428257363035949,0.3820147642077074
plastic_box_10_5,0.7021772939346812,0.2644744410303964,0.7124545282242375,1,0.3552041676089212
sponge_8_6,0.7068870523415978,0.3212677707241236,0.3586397598462107,1,0.1844196756913734
tray_2_6,0.9559435862995299,0.4932800630701958,0.9847883292117859,1,0.09273102120576256
tray_9_7,0.9390216662943935,0.3375471467022901,0.576108963532447,1,0.127233827065408
plate_9_8,0,0.2212144312776372,0.8779746277020409,1,0.1814011831253967
plastic_box_4_2,0.3920994879297732,0.1418554854741627,0.8988342559763475,0.925790483438652,1
paper_box_8_1,0.6050737058621872,0.3066383849960704,0.3455384391630525,1,0.2414116540131564
plastic_box_9_9,0.5672830725462304,0.1525274144570219,0.872822004514912,1,0.5398732108178071
cup_7_1,0,0.05973955788318679,0.7704367015121882,0.7695620945400595,1
metal_box_7_4,0.3528678304239402,0.05748268914786264,0.7974184546896328,0.682406201343216,1
paper_box_8_4,0.6051546391752577,0.2994116738846387,0.3374848898872574,1,0.2307468231698663
plate_6_3,0,0.277272468397043,0.9878514574375009,1,0.1058567727676844
book_9_10,0.9478489631692975,0.2514173167637921,0.7172470881335019,1,0.0961750049468342
book_8_7,0.9537946895254025,0.3494012932271372,0.7520607839518186,1,0.1131142510774508
tray_10_3,0.9177228786251342,0.245872788202654,0.6226287497205144,1,0.09545966072432549
cup_9_6,0,0.1004662787854055,0.7007779487739306,1,0.7735538828399051
book_5_4,1,0.441494874515869,1,0.7129067781187478,0.06213750983126414
cup_2_6,0,0.1536306047207752,0.6753374322928102,1,0.674083040783058
bowl_9_2,0,0.07256790128019774,0.9680369393777213,1,0.5649072460734961
paper_box_3_4,0.8755129958960328,0.2135224036667551,0.6477181274805763,1,0.2792881613800601
cup_9_1,0,0.06738519532030247,0.697951928151531,1,0.7709370014124423
metal_box_3_5,0.7395763281775387,0.1394189027618213,0.957932754994493,1,0.3312750424393686
bowl_6_7,0,0.129318022793726,0.9913207978081596,1,0.4771146012755923
book_2_2,0.8642843194688538,0.2437077712162717,1,0.6873934225217705,0.1954103030788044
sponge_10_3,0.9347181008902077,0.7806491700985315,0.9040408821858715,1,0.1597427416990317
to_go_cup_3_9,0,0.05551670321116239,0.8507594625326198,0.7952919481386296,1
plate_6_2,0,0.2898306204650039,0.988543343886701,1,0.1049330979317488
metal_box_3_4,0.7392632829740282,0.2035441150047124,0.9452670353562665,1,0.331020455517769
plate_1_9,0,0.7073711316740088,0.9518456964288526,1,0.1102666252487817
plate_5_9,0,0.2871089741302707,0.9637759381711914,1,0.09974964093581595
tray_4_7,0.9715405238193442,0.2569930893652341,0.6681534146262312,1,0.1271848599499451
sponge_8_3,0.7346049046321526,0.305499790663698,0.3554249930627149,1,0.1776399662680148
plastic_box_3_8,0.2381099444101297,0.03160493573706014,0.4005830067955209,0.7039481962558674,1
bowl_10_3,0,0.1310992453074471,0.9267475779171925,1,0.5024089708698439
ball_9_3,0,0.1689652034457121,0.7595062732390706,1,0.9722185807384903
plate_7_5,0,0.5688547464330383,1,0.980276705026297,0.09849971762376251
ball_8_5,0,0.230296480605615,0.6384887469356176,1,0.8942930657202914
bowl_2_4,0,0.1228085496782787,0.9586681306027355,1,0.4651961473487359
plate_1_5,0,0.4781422889717569,0.9475883827445492,1,0.1219461851000634
cup_3_1,0,0.04564061464103213,0.8559523494242789,0.8056280358907484,1
plastic_box_4_8,0.3886048210372535,0.104424469114585,0.8829845537811215,0.8892718127656483,1
sponge_1_9,0.82,0.8788878202302612,0.6750260213068328,1,0.2378970374978761
cup_3_9,0,0.05551670321116239,0.8507594625326198,0.7952919481386296,1
plastic_box_8_1,0.6277921467199624,0.180148131467954,0.6915708581240945,1,0.3641360416196046
plastic_box_1_7,0.6227371469949312,0.08921473029508147,1,0.9645936784969659,0.598619968592266
sponge_3_3,0.7771872444807849,0.4725480453431163,1,0.8312914820757438,0.29329677740064
tray_3_4,0.9516645637193051,0.2716419907209942,0.9531935587484528,1,0.0874697997540453
cup_10_8,0,0.1148198824099102,0.7560348291681624,1,0.7432997735052417
ball_6_9,0,0.1985881526943837,0.6540032364368487,1,0.9714494613601016
metal_box_9_5,0.6760672203979139,0.1165262567217601,0.6340753599693495,1,0.3160457550121561
plastic_box_3_6,0.2330547818012999,0.03179082633933616,0.4070669364015055,0.7068763188886991,1
paper_box_4_7,0.8572630870223868,0.168887671496782,0.7854464324046069,1,0.176245497091689
plastic_box_2_4,0.7197802197802198,0.2067135021560134,0.8038794161763124,1,0.4861190906062305
sponge_5_7,0.7858985382631126,0.5501885850321176,0.8931692166762858,1,0.3539628984111332
sponge_6_9,0.6176266481609993,0.8835379606867998,0.6869066955938605,1,0.430795144882741
cup_7_3,0,0.05382592438520884,0.7624912458192651,0.759023920146288,1
to_go_cup_4_1,0,0.09640937687541,0.5595743640402596,0.6813027613480263,1
sponge_1_1,0.8181818181818182,0.5580383656799528,0.6852445444591518,1,0.2550073603746622
tray_3_1,0.9540999514798642,0.2688717839130979,0.9529191283136403,1,0.08806925811147341
plastic_box_10_1,0.7183673469387755,0.384358110605716,0.7748837882337176,1,0.3883068908785008
cup_4_5,0,0.07153926368937066,0.5566172613557803,0.6805828886847219,1
ball_10_4,0,0.3891043822973426,0.9741187586175624,1,0.9101014409431729
metal_box_9_3,0.6763854025873721,0.1067376014859558,0.6282039020249034,1,0.3133654287743192
bowl_7_9,0,0.1215868987660914,0.9870500378183963,1,0.7265535300621938
cup_3_5,0,0.04729418261357978,0.8665005315259829,0.8011602611594418,1
bowl_9_9,0,0.06436522147383876,0.9853146629611732,1,0.5910521190529765
plastic_box_4_6,0.3769287288758266,0.1569094142869217,0.8345011511992667,0.8834256749409227,1
paper_box_1_3,0.8723404255319149,0.448567307867402,1,0.7670015020625927,0.2611028959696556
bowl_2_7,0,0.1459964299243756,0.948557688059451,1,0.4659172896287853
book_6_7,0.8780972774548792,0.3586546171401424,0.7164035069857551,1,0.1248007015692617
ball_5_7,0,0.2634367081618049,0.6271639584441782,1,0.8956715832688166
paper_box_1_7,0.8657342657342657,0.441572609693533,1,0.7697874992387099,0.268773651877424
cup_2_8,0,0.152925316901039,0.6762891672673668,1,0.6728149778877438
plate_7_2,0,0.5361591145710287,1,0.9809842841756001,0.09863821873633785
bowl_10_9,0,0.07771201539241829,0.9333247974709191,1,0.5140830172250219
ball_2_5,0,0.2248865395286738,0.8231561717718785,1,0.9939838291327917
to_go_cup_8_2,0,0.04930333013084163,0.6483311170610435,0.5720176517614879,1
cup_8_3,0,0.05386874217789191,0.5922811321942913,0.6016874750060903,1
tray_3_3,0.9518177411536597,0.2844504352757973,0.948169382596141,1,0.08302249314652133
plastic_box_4_3,0.3937592867756315,0.1640011163704332,0.8956558709080098,0.9241234942851111,1
cup_10_2,0,0.09710078044151377,0.7616503796534905,1,0.7542514065213507
plastic_box_9_8,0.564658863831002,0.1633129335504271,0.8821309376368421,1,0.542311113905111
to_go_cup_8_10,0,0.04808223379702407,0.6186243505434207,0.5391889838671787,1
plate_7_1,0,0.5325920160492508,1,0.982530445163389,0.1009227602918864
ball_5_4,0,0.2999396673854445,0.6287034163131763,1,0.8518581188194813
plate_2_4,0,0.2455076181524773,0.9354139592181494,1,0.1275777873195539
metal_box_10_2,0.7339692633810281,0.2072145017594599,0.9297438393999515,1,0.3014113480295621
sponge_3_4,0.7827542904981164,0.5046142284812043,1,0.8601129781675205,0.3007774196968138
to_go_cup_2_7,0,0.05362069576708274,0.812520704473364,0.8275487155672869,1
bowl_9_3,0,0.07008906522357643,1,0.9992405405148795,0.6129301696045304
plate_1_10,0,0.323893473753821,0.9398097578543737,1,0.1212755545198398
bowl_1_9,0,0.1562990091243088,0.5672982102197724,1,0.4482304715851826
tray_1_9,0.9648803693857563,0.3336806163486635,1,0.9980244905921123,0.08687936710819229
to_go_cup_7_2,0,0.04409216410768842,0.767142348846891,0.7672869485814288,1
sponge_4_9,0.7530045586406963,0.5905830884108024,0.8113235900396233,1,0.3069780793538157
plastic_box_3_5,0.2322091584158416,0.03135299505806846,0.3995268606870712,0.718439627284837,1
plate_3_8,0,0.4097834514391152,0.9971973837430914,1,0.1026481538152301
to_go_cup_7_1,0,0.04570671038135204,0.7704367015121882,0.7695620945400595,1
bowl_2_2,0,0.1073464883146777,0.9588407250838672,1,0.4625876996024977
tray_3_6,0.95361328125,0.2769222357208984,0.9467675686206913,1,0.08729906127287494
paper_box_3_9,0.86336542870243,0.2048146581688544,0.6618103731399844,1,0.2920475709269131
plate_6_5,0,0.2751258619223255,0.9963631488031348,1,0.1055940281127738
cup_2_1,0,0.09525476409333182,0.6730671762014641,1,0.6691003097512773
cup_3_8,0,0.0558904150915912,0.8832554896591119,0.7958313927499345,1
sponge_10_4,0.9466929911154985,1.131877122418549,0.9054382062547982,1,0.1325518170284612
cup_5_10,0,0.1162474976485855,0.990634413776784,1,0.8546910021243729
sponge_2_8,0.823185988323603,0.4045196427512412,0.5542923455640453,1,0.197714205041157
tray_6_4,0.9869319869319869,0.4224753593008046,0.826321633106651,1,0.08488204798459531
paper_box_8_2,0.5971840659340659,0.2820723612992624,0.3492113316514552,1,0.2463386926551929
sponge_2_1,0.8596491228070176,0.4010858794475486,0.5601323016383356,1,0.199797297622074
plate_9_1,0,0.2382772640857624,0.8879247390351819,1,0.1469143312974832
tray_6_2,0.9871744277821626,0.4197113557646718,0.8261645204615156,1,0.08450733928420588
sponge_8_10,0.7268722466960352,0.4698341958504433,0.3597819300930194,1,0.179434634676851
book_3_10,0.880835781913157,0.1650357506671531,0.6946314253072436,1,0.1625637016992861
to_go_cup_5_10,0,0.1162474976485855,0.990634413776784,1,0.8546910021243729
bowl_1_8,0,0.1947617150607541,0.5674439545587313,1,0.4431537799454884
plate_1_6,0,0.4324756031210347,0.9377281543637996,1,0.1534238144444597
bowl_5_2,0,0.1691166232447082,0.9462444342990566,1,0.441718766457338
to_go_cup_10_10,0,0.0963391675207126,0.9407877617457127,0.851703407164787,1
book_5_1,1,0.7208539426736613,1,0.7093029336288661,0.06475618995870074
sponge_3_9,0.7870292887029289,0.5534514768016685,1,0.8662889357837162,0.289256222870132
plate_4_8,0,0.2740797603034307,0.9622678356359818,1,0.1560422212143818
ball_10_9,0,0.4619327141102395,0.9868695198448016,1,0.9240684603846171
ball_7_2,0,0.07463778782551242,0.597505255288741,1,0.9053119158033675
tray_9_8,0.9298557158712542,0.3560877376234353,0.5860655918478815,1,0.1288487790486582
cup_5_9,0,0.1720474066016881,0.9225802032444365,1,0.8368262928687591
sponge_9_4,0.6695804195804196,0.2937944271234814,0.5995273209989531,1,0.3031090835867871
book_9_8,0.9522628642281463,0.3641836255887193,0.7114803903771909,1,0.09667475505663399
bowl_5_8,0,0.1523910163791578,0.9076624083448093,1,0.4302861539419744
book_7_4,0.9958576250383553,0.2841820048675647,0.6782711761692566,1,0.07142292922753034
metal_box_3_2,0.7342762063227953,0.1342250470898056,0.9496529416424202,1,0.331360799264578
sponge_9_6,0.6715458764726884,0.2628598064532446,0.6035729503218192,1,0.3124315109224562
to_go_cup_10_6,0,0.1125000968398436,1,0.8163485083800995,0.9111794203092772
to_go_cup_10_3,0,0.09760910869034674,0.8751467005426794,0.956913203062493,1
cup_7_6,0,0.05598021897967895,0.7711182227683259,0.7946365039518377,1
plastic_box_6_3,0.7072289156626506,0.243984039059976,1,0.926998325893784,0.4014944678097166
paper_box_7_4,0.9337764647956671,0.3122027338996222,0.5432073472104861,1,0.121246100289861
ball_4_3,0,0.2832531480135913,0.5396588081074134,1,0.8228589605399163
ball_4_10,0,0.3564726867027003,0.4941757602231138,1,0.8212189863901211
book_2_9,0.8634117414508796,0.2949322864623081,1,0.6960877169359323,0.1972467464494477
sponge_1_2,0.7863777089783281,0.6515759474949182,0.6782151680417657,1,0.2467100999484244
plate_1_4,0,0.4960910056537104,0.9196706489835893,1,0.1191343897453301
cup_7_4,0,0.05486866761834581,0.7703076421030828,0.7689676532438124,1
plate_2_9,0.816453240201785,0.292076252397545,0.9582808238268341,1,0.1281849816761362
paper_box_3_1,0.8691244239631336,0.2237014436139146,0.6552502230404681,1,0.2813999807700446
tray_4_6,0.9762445775666184,0.3560576944292063,0.6804833002720747,1,0.1246933306309119
paper_box_4_9,0.8565407956844234,0.1680849753503071,0.7848573205868721,1,0.1839117713226306
metal_box_8_6,0.6390194761584956,0.2006299488908763,0.9167088591305675,1,0.4462375841001934
paper_box_5_2,0.4516256938937351,0.1542036345748128,0.5157327499362739,1,0.5810620223093232
plastic_box_7_5,0.5203535083020889,0.09016940773716502,0.8199802841130184,0.867572428042955,1
sponge_7_3,0.6336996336996337,0.6410045093133477,0.7370414965379077,1,0.3969625299647878
metal_box_7_6,0.3743801652892562,0.05754106209577147,0.7822720273883321,0.6888359353137217,1
tray_8_7,0.9554606467358145,0.3482524022297669,0.9900214704207244,1,0.1255996153333766
bowl_5_4,0,0.1643457688973245,0.9046540175753081,1,0.4263336583444562
paper_box_5_1,0.4194206446348429,0.1896515963722475,0.5116139591297946,1,0.5975037608251391
ball_7_3,0,0.06100637208892832,0.6587188568105871,1,0.936088283148555
cup_10_4,0,0.07522099490431224,0.751071831469814,1,0.7460540471327071
to_go_cup_3_7,0,0.05791430859351235,0.8510423590457368,0.7982626957460921,1
sponge_5_4,0.7664359861591695,0.5581832090583616,0.9247968641647295,1,0.3549123876281015
book_1_2,0.8591515151515151,0.1465800543815559,1,0.6864374655650778,0.2285353661765542
plate_3_4,0,0.3069353275428137,0.9855811608694036,1,0.1076841783592901
sponge_3_2,0.7856272838002436,0.4727585391887831,1,0.8499719579664676,0.29582303534872
bowl_7_4,0,0.118925415221253,0.9522238983574915,1,0.7267015844163145
metal_box_7_10,0,0.05652026162325861,0.7582162958501992,0.695247847371936,1
to_go_cup_2_9,0,0.05678670484509734,0.8246000360759629,0.848802352616847,1
to_go_cup_3_4,0,0.04809141152556073,0.8575803646534863,0.8093016054868325,1
book_2_8,0.8639308855291576,0.2962609345402191,1,0.6875206038164018,0.1985037043060744
cup_1_4,0,0.08667311559721502,0.6140683632640436,0.6278626118815845,1
ball_2_1,0,0.2011966135420475,0.8195328785797547,1,0.9125703787449313
metal_box_4_1,0.7283308568598316,0.1216373348976709,0.9722802938308402,1,0.3970395410158047
sponge_7_6,0.5964163822525598,0.6559020566139213,0.7640863452463234,1,0.4065008763988011
paper_box_2_7,0.1788630653266332,0.01952058543772903,0.2823226631848236,0.6868937769511094,1
paper_box_3_5,0.8421052631578947,0.2174422160045629,0.6568430240996612,1,0.284111221500602
ball_1_5,0,0.1565434266228682,0.689276773185314,1,0.8801234051646495
tray_1_10,0.9713886950453594,0.2630788101721958,1,0.9889322417048653,0.101637912638294
plastic_box_6_6,0.7048780487804878,0.1618403486191277,1,0.9347912566190555,0.4054337956289794
to_go_cup_9_9,0,0.05621224597949,0.5874523967648566,0.6238849194497056,1
to_go_cup_4_2,0,0.0717792898198375,0.5571615446226583,0.6549360736496233,1
to_go_cup_10_7,0,0.08949306442784742,0.8595775133419521,0.874901387099166,1
book_1_5,0.854688267059401,0.1537340409996005,1,0.6887549809198557,0.229858607269415
plastic_box_4_10,0.3736182756079587,0.1063136084633346,0.8312921021926222,0.8834426052720222,1
tray_6_1,0.9871366849960723,0.3767754521082975,0.8233034907558697,1,0.08450618797295507
sponge_6_4,0.6539263377345379,0.9238909099229143,0.6842471976942102,1,0.4107501531041649
plastic_box_3_2,0.2400674950145728,0.03450483822857893,0.3979136370995383,0.7051805037254724,1
cup_9_5,0,0.07942138679276549,0.6945017719199116,1,0.7791716500585985
book_1_7,0.8519240136385777,0.1620700288988623,1,0.6752126019817632,0.2234396860796657
book_1_6,0.8610638814670877,0.1451000154942787,1,0.6843380500689281,0.2263468489103366
plate_8_10,0,0.2118622207932716,0.9571264915444212,1,0.2043870162403527
cup_2_4,0,0.1055417375287536,0.6694784879086264,1,0.6679826625227127
to_go_cup_4_8,0,0.08439038153153439,0.556698053796127,0.673869336692059,1
sponge_6_2,0.6456043956043956,0.881265424212399,0.7108981832831263,1,0.4348405348175356
bowl_5_5,0,0.1493460218208789,0.9141605299730039,1,0.4211219709226834
ball_7_4,0,0.06691603640612827,0.6254309717710548,1,0.9199811362164095
metal_box_9_4,0.6815910837817064,0.1078163962501271,0.628762716641207,1,0.3169631424702187
to_go_cup_9_2,0,0.06114206751795079,0.5990195214986362,0.6160770693564998,1
to_go_cup_9_5,0,0.05951540504917545,0.5860449969526575,0.6506303098572986,1
to_go_cup_4_9,0,0.06919278928643699,0.5564853222172943,0.6732027026037266,1
tray_4_10,0.9738263398421271,0.3778278352223372,0.6827402211057708,1,0.1262329331829377
sponge_9_3,0.6580690135935866,0.2973101541806594,0.6013443171203748,1,0.3011248654800782
metal_box_10_10,0.7417815482502651,0.1867757478397755,0.9238691514065612,1,0.3259114640795463
paper_box_10_9,0.6819787985865724,0.1848888146274425,0.9004268217778161,1,0.5035033335833219
ball_5_5,0,0.2091107321465903,0.6055587809261268,1,0.8591119027794352
plate_6_1,0,0.2515120529206419,0.9894330859424406,1,0.09857061152873735
plate_8_2,0.5605263157894737,0.1978215050244309,0.9505865629738854,1,0.2041079668881723
metal_box_2_2,0.5456453305351522,0.1795058079553013,0.9860110305738397,1,0.7215689040814973
plastic_box_5_4,0.9363484087102177,0.1699685903785055,1,0.8911431229745573,0.3276644020796288
metal_box_1_8,0.5002788622420524,0.1303799828158947,0.9493337370834384,1,0.7865219809995557
cup_7_7,0,0.05738816544405664,0.7864915714267064,0.7615093872451545,1
paper_box_2_6,0.1804962857594437,0.01823611597211625,0.2485901932897066,0.6860924698623491,1
ball_1_7,0,0.1649598841059662,0.7331678195418998,1,0.9033926498860099
tray_7_5,0.8935253310910237,0.347984468621844,0.5760778655504336,1,0.0799058073389205
cup_8_5,0,0.04822725283924991,0.5883693895849764,0.5665862154292397,1
metal_box_1_4,0.5178268251273345,0.133000980053452,0.9375100653248039,1,0.7836342555313612
bowl_6_1,0,0.1179217642148742,1,0.9896843484082083,0.5273740329982913
ball_8_4,0,0.2438524019831714,0.6885614331199089,1,0.8310022112282169
tray_7_2,0.8955739248718217,0.2057901459568533,0.5590715322014299,1,0.1022717440224941
plate_10_5,0,0.2629401257155608,0.8659854853307258,1,0.1125155388873592
plastic_box_9_6,0.561675272518646,0.1576552728706899,0.8600957757253556,1,0.5368517356529812
sponge_2_3,0.8503344481605352,0.3742819025351214,0.5577664792960515,1,0.2226211686777883
ball_3_2,0,0.3291718583948373,0.628303632850227,1,0.7996877541481126
cup_10_9,0,0.08991272642969465,0.7567851659000088,1,0.7566368768402224
sponge_5_8,0.7617845117845118,0.5382377305993373,0.9177018023401319,1,0.3326858487482096
paper_box_4_3,0.8595515090204012,0.1611316131549823,0.7834835195958588,1,0.1847564967880971
sponge_3_8,0.7861609003751563,0.542574506945797,1,0.8466290242105331,0.2798773777629712
ball_5_9,0,0.260250389554289,0.6306466721502187,1,0.9743828126510263
metal_box_3_6,0.7451542221473116,0.2212744215231333,0.9560398748545281,1,0.3339677055564443
tray_4_2,0.9804857795308283,0.2601498511707508,0.6709906066743144,1,0.1225119221765768
cup_7_10,0,0.05979093299892713,0.7779207133451413,0.7820759930771967,1
sponge_4_8,0.7596899224806202,0.5207397537983323,0.8428673303658166,1,0.3192874932438389
sponge_10_9,0.9444444444444444,0.7772605401029293,0.9030187328181171,1,0.1370200521479327
book_4_7,0.9641017873371706,0.4707048352953497,0.7585211381402652,1,0.09909490261599382
tray_2_8,0,0.3542043415598186,0.9907617783682416,1,0.101131283727783
book_8_9,0.9585987261146497,0.4577817420098291,0.7514884358245264,1,0.108168757351664
plastic_box_10_9,0.7136075949367089,0.4174309060003066,0.799370552544192,1,0.412353471797119
bowl_7_2,0,0.1244846547555186,0.9596972859694749,1,0.7330730063325588
plate_5_3,0,0.37695045534153,0.9646998520821338,1,0.1031061736322603
paper_box_10_2,0.6725429704715734,0.1928404767620984,0.9094918617824974,1,0.5027547579558522
book_8_5,0.9547177759056444,0.3933387376336113,0.7502979160346854,1,0.1127791797544081
paper_box_2_9,0.1838143036386449,0.01821771076517286,0.2543565515627463,0.6728240678693472,1
to_go_cup_9_3,0,0.06231124076313443,0.5748070586963401,0.6359845544614516,1
sponge_5_9,0.7988115449915111,0.6344579551271934,0.9232688199873146,1,0.3542458504881638
plastic_box_3_1,0.2449105490438001,0.04227103348058678,0.3994724413810933,0.718513040081067,1
plate_7_4,0,0.5777294626547247,1,0.9826588984264115,0.101364617467887
tray_6_8,0.9879779266850611,0.4152755944712296,0.8313793185356263,1,0.08236985466624763
sponge_6_3,0.6458046767537826,0.9187416565435422,0.7127314244828356,1,0.4178101586170129
paper_box_2_4,0.1782020684168656,0.0194011894235933,0.2944148474796598,0.6690030660910732,1
to_go_cup_5_6,0,0.1278300681165439,0.9257785731289865,1,0.8306193615117511
plate_9_6,0,0.1388190953415854,0.8983005589686912,1,0.1900104708539764
paper_box_9_1,0.1627687961073615,0.01944985751037837,0.3394051159310056,0.6819792284584962,1
paper_box_2_3,0.1768060836501901,0.01954330603112124,0.2631326993763217,0.675898965801791,1
sponge_8_8,0.7406605305901461,0.2762032075675572,0.349919009198402,1,0.1796867892849792
to_go_cup_10_1,0,0.09556166074677054,0.8886651554906468,0.9156080385979135,1
cup_6_6,0,0.07576021843109915,0.8622084342230922,0.8788196200064973,1
plastic_box_1_3,0.614192298377331,0.08997509370133532,0.9931149391363627,1,0.5948073256828141
bowl_7_8,0,0.1107449974906622,0.9927462049049207,1,0.7388604689911005
book_5_6,0.9974404914256463,0.4750765917814505,1,0.7121316557235151,0.06406868122391128
ball_6_3,0,0.1991431823731916,0.6726529765918151,0.9949644989552362,1
plastic_box_2_5,0.7109190887666929,0.2106707367263047,0.7885240747158565,1,0.4845478923895761
paper_box_8_9,0.6070572113737581,0.2409912579882628,0.3450615295794272,1,0.2394611038756737
to_go_cup_8_4,0,0.04869546524787496,0.5855432795821489,0.5459607894938215,1
sponge_1_7,0.7915437561455261,0.8439272716780589,0.6724864482909165,1,0.255150457930668
bowl_6_8,0,0.1547011395324061,0.9777384529757835,1,0.5181218897215651
paper_box_8_3,0.6087106809540269,0.2121448690879956,0.4075550473732404,1,0.3329920742293295
paper_box_5_8,0.4637910565888405,0.185072037631383,0.5318443083407837,1,0.5792298072116442
sponge_4_5,0.7565002063557573,0.4332441830542508,0.8338603320429419,1,0.3185561943385166
plastic_box_7_7,0.5240755520085129,0.0884627753532622,0.8232559946847694,0.8604812166361464,1
bowl_3_1,0,0.1213454125748668,0.9387719354918086,1,0.5273396196116302
to_go_cup_2_3,0,0.06107135394392563,0.7841831740522341,0.8073991232840437,1
cup_2_2,0,0.08801961424446772,0.6729039603644572,1,0.6695830543859013
plastic_box_2_2,0.7510008006405124,0.1882336454122288,0.7798713266659538,1,0.483411343455738
to_go_cup_2_5,0,0.1049616299813038,0.765337091581019,0.8016345972767428,1
ball_2_8,0,0.2346434640715337,0.8039208490222401,1,0.9779572145876593
cup_1_6,0,0.06276166684269899,0.6166384710593104,0.6229352454094195,1
plate_8_6,0.5600595632031767,0.1587976334056566,0.9612840674212921,1,0.2061291889045153
plastic_box_10_6,0.7090909090909091,0.3613563054769512,0.7137974484413994,1,0.3673460247151212
bowl_8_8,0,0.1697345733849266,0.9412557332562386,1,0.4335842518713867
sponge_7_10,0.567965367965368,0.7527688779888632,0.7535021583301922,1,0.4061451025924023
bowl_3_9,0,0.1672587059512831,0.9518534421602958,1,0.5298497345513763
bowl_9_7,0,0.08476112833861779,0.9773259699660174,1,0.6244913166820264
to_go_cup_9_4,0,0.06312626923751323,0.5849762804257769,0.6286388501795058,1
plate_4_3,0,0.281469066320663,0.9536776735764289,1,0.155484282543014
bowl_10_7,0,0.06730003832728955,0.934095522632521,1,0.515481940795884
book_1_10,0.8595682755275285,0.1726040429159959,1,0.6790348279135268,0.2226707793614088
bowl_5_1,0,0.1667131189717908,0.9116829296763439,1,0.4252772801240938
bowl_8_6,0,0.2412929955406296,0.9742568637841468,1,0.4290005880237333
sponge_5_10,0.8005071851225697,0.5699767270439975,0.9242163411860344,1,0.3443835459356863
cup_5_1,0,0.09920707377041772,0.938306051171769,1,0.8510904218593536
ball_5_8,0,0.2353325288742867,0.6287461602486049,1,0.9493854609757886
plastic_box_10_7,0.6842525979216627,0.4508835848369082,0.7822809161139839,1,0.4748400604761964
to_go_cup_6_9,0,0.077538990862073,0.8359807672099836,0.8651102628917594,1
ball_6_4,0,0.1919151974439613,0.6437336227923418,1,0.9728743693120617
cup_2_9,0,0.09769344264454376,0.6760426981688377,1,0.6720582948387056
tray_9_1,0.9383073496659243,0.4513055906067766,0.5789381922917956,1,0.126275372983631
ball_3_10,0,0.3108329573307215,0.6323910956733624,1,0.8144480714265936
ball_1_8,0,0.1595764732422829,0.6940585636104215,1,0.8846371669847253
tray_2_1,0.9414141414141414,0.3569953942924192,0.9757284494940665,1,0.1036505411497102
to_go_cup_7_5,0,0.05420591855426666,0.7419215086837984,0.7621004353245526,1
plate_8_9,0.5397323641169668,0.2089686684614561,0.9609864239910713,1,0.2053485782961978
plate_1_1,0,0.4852710369482396,0.947781289824173,1,0.1203808949280542
tray_4_3,0.9780447390223695,0.4069532903853456,0.6711552077669954,1,0.1169235170136408
paper_box_1_6,0.8703573931324456,0.4543086273125172,1,0.7710825792580711,0.2621422163193282
cup_7_5,0,0.05721873451008852,0.7419215086837984,0.7621004353245526,1
to_go_cup_10_9,0,0.1023774840854017,0.8799449338362347,0.8931153233826848,1
book_8_8,0.9590581247348324,0.4241897540002666,0.7537883832826233,1,0.1073372659302754
plate_2_10,0,0.2875644347349839,0.9345559582424836,1,0.1283720846254952
paper_box_7_3,0.9047970479704797,0.3949304622611371,0.5472013961922131,1,0.1219187194092406
to_go_cup_7_4,0,0.05480350850865415,0.7703076421030828,0.7689676532438124,1
metal_box_7_8,0.379646017699115,0.05673593277357179,0.7950858988584147,0.6830943201608232,1
plastic_box_5_3,0.9051217464315701,0.1545992529800653,1,0.867372331943061,0.349616183916958
paper_box_6_7,0.7334293948126801,0.2738529474330344,0.5504998652370285,1,0.2513470442310706
book_4_2,0.957108214610488,0.2652318603118866,0.7536211890718162,1,0.09844270325612788
tray_2_7,0.943148297130598,0.3660958752292172,0.9755263900532768,1,0.1035927052728261
sponge_4_2,0.7603372139702931,0.5269216887834788,0.8342680397772061,1,0.3178931600221046
plastic_box_8_9,0.6264194669756663,0.1669561213160849,0.6932525209773287,1,0.3764775115801327
to_go_cup_1_9,0,0.04683283997060484,0.6018779687501392,0.6275185477448114,1
to_go_cup_9_6,0,0.06562773362589648,0.5794614202235879,0.6181299700415372,1
tray_4_1,0.9693686184621796,0.3447551926364292,0.6719351608260782,1,0.1214680494348458
cup_9_8,0,0.07997276676741395,0.6988272802564847,1,0.7719866928677613
plastic_box_8_2,0.6289868667917449,0.2047724002018743,0.7541398178221781,1,0.3683611223834461
cup_8_2,0,0.04930333013084163,0.6483311170610435,0.5720176517614879,1
ball_8_6,0,0.2505337255301378,0.6318790499779225,1,0.8494878379292468
plate_5_6,0,0.4224851541567038,0.9663781775867591,1,0.09433507564757505
metal_box_6_3,0.8107218434046556,0.2624475149617259,0.9559738185952433,1,0.2242082417289044
plate_4_10,0,0.2951946427438648,0.9753454286744104,1,0.146756814225809
bowl_5_6,0,0.1297523920374706,0.9071568359003337,1,0.4155437855979733
cup_6_3,0,0.07427610798383015,0.8454324636301741,0.8689376152646652,1
cup_3_10,0,0.05489347638841206,0.8658329413021567,0.7944474498449303,1
book_4_5,0.9587363966142685,0.2657039838023151,0.7548808379402815,1,0.09902192813286693
paper_box_7_7,0.9346437346437346,0.4681714952581006,0.5453130590439048,1,0.121246100289861
sponge_4_3,0.7614418793033617,0.4544769895808641,0.8150209919541133,1,0.3141241663239859
ball_1_6,0,0.1881674341887989,0.674453010233646,1,0.8658563384623423
cup_1_5,0,0.0876422290408779,0.6309185475463607,0.6116586424988188,1
metal_box_2_8,0.5427239772138788,0.1632045896418295,0.9554118652262613,1,0.7176986595249811
ball_2_10,0,0.1940853483254238,0.8240660203189972,1,0.942257356537383
ball_2_9,0,0.2591573209290752,0.8118065505452877,1,0.9631327491230268
tray_2_5,0.944049376090165,0.3615773875548225,0.9852396993199396,1,0.09606498973351804
paper_box_10_1,0.6809734513274336,0.1976372304152157,0.8890789033364728,1,0.4949625662505466
bowl_2_1,0,0.1124558074498275,0.9615971237722744,1,0.4638086564509995
to_go_cup_6_2,0,0.07152213505511326,0.8438470028503002,0.8583625608759609,1
ball_9_1,0,0.2312844823598689,0.7772749978939653,1,0.9304225223054947
metal_box_4_3,0.7257864751052762,0.1446534178384936,0.9589659959092481,1,0.3979029777397572
plastic_box_1_2,0.6241237611795988,0.08355357632060074,0.9948685538642577,1,0.6361121565484674
to_go_cup_3_1,0,0.04564061464103213,0.8559523494242789,0.8056280358907484,1
to_go_cup_1_7,0,0.05507766403186535,0.6259408497758074,0.620927015976716,1
cup_9_3,0,0.1119701665212471,0.7007466729212444,1,0.7847930101169103
plate_5_1,0,0.5109715952120154,0.9555883503010391,1,0.09953997316425862
bowl_2_8,0,0.1462360563125735,0.9564874251291591,1,0.4664809797045418
sponge_2_2,0.8521594684385382,0.372920183271172,0.5651788068517377,1,0.2232967659261029
to_go_cup_2_8,0,0.05962117626524185,0.767840246386119,0.787480170731429,1
tray_2_4,0.9445637583892618,0.3061790678506896,0.9952620185675579,1,0.09818607291669124
bowl_10_6,0,0.09182340480296154,0.932308558286188,1,0.5113644109315824
book_4_8,0.9593111856141421,0.2608025842003057,0.7557457313561615,1,0.09218096546296244
sponge_4_4,0.7479508196721312,0.4456587472126697,0.8162154907240573,1,0.3205142595052169
tray_8_10,0.9667885435709933,0.5507685877726481,0.9840508953322277,1,0.1210919570659173
paper_box_6_8,0.7153920619554696,0.2260251710293955,0.5462333803453049,1,0.2494844220346583
paper_box_9_8,0.1671665351223362,0.01944029580075134,0.3428044414161963,0.6800131541461156,1
metal_box_5_7,0.7686441970413299,0.09114768886784884,1,0.7569340811619688,0.3833031682095734
sponge_8_4,0.7471513836136734,0.4767137106282459,0.3644523151674853,1,0.1747468649440687
plastic_box_5_10,0.9386401326699834,0.1549918413765898,1,0.8671632564110927,0.3599955302475487
paper_box_5_7,0.4491935483870968,0.1829084178167119,0.5165575060214022,1,0.5765323810376565
book_2_6,0.8649177760375881,0.2444829790848391,1,0.6985574085357065,0.1976494522467202
bowl_2_6,0,0.1421278952540109,0.948805834929502,1,0.473089731850277
paper_box_6_1,0.7345261121856866,0.3154734475431927,0.532046854542854,1,0.2610647628035629
bowl_10_2,0,0.1110351151374315,0.929938029017968,1,0.5116367206901974
book_3_1,0.8849355312551004,0.1557634252329856,0.6923745101210058,1,0.1653222867945476
tray_1_2,0.9715700141442716,0.2596513149364521,0.9953973372851278,1,0.1083217225999477
sponge_8_7,0,0.331777044887103,0.3602672877897598,1,0.1792787184924443
plate_6_10,0,0.2764996638152561,0.9935843401476818,1,0.1096598879472661
paper_box_5_9,0.4434499593165175,0.1819853506815584,0.5168063211678998,1,0.5813850367096696
metal_box_9_8,0.6799616490891659,0.1074356125895903,0.6280782741276839,1,0.3139629313960793
cup_4_7,0,0.06759823637179745,0.556698053796127,0.6586790761889768,1
sponge_3_1,0.7876512307050479,0.4254983369808747,1,0.841499780512541,0.291174410372883
tray_1_6,0.9732921000843407,0.4240582796676087,0.9999265756132579,1,0.1029020301813063
sponge_7_7,0.6171673819742489,0.5394766183079553,0.7652855545063989,1,0.4309073978637537
bowl_10_4,0,0.1156033647389197,0.9221611261251684,1,0.5069380873969811
metal_box_2_7,0.555086979441223,0.1219278104565964,0.8764853883716951,1,0.6894368810497506
sponge_10_7,0.9449715370018975,0.648045906115962,0.8767086083106942,1,0.1434682401628025
tray_3_8,0.9483209135778573,0.2454825560589038,0.957259858571015,1,0.08832749093628471
paper_box_10_8,0.6893031513537505,0.1989091374748939,0.9085653792289766,1,0.5103513488396882
to_go_cup_3_2,0,0.05417159512522133,0.8712560260817063,0.7983227279091634,1
book_5_7,0,0.7579965637219839,1,0.7013585110838175,0.05487024339293738
book_9_2,0.9498758535071384,0.3664102108387841,0.706332478415188,1,0.09557584537546261
plate_1_3,0,0.6441839972876615,0.9399878210639036,1,0.1218094156750072
cup_4_2,0,0.0717792898198375,0.5571615446226583,0.6549360736496233,1
cup_6_8,0,0.07886313838028411,0.8293729574572305,0.8648165833661141,1
tray_1_1,0.9708805823883523,0.3281068916163025,1,0.9964203552801895,0.1006562210954062
bowl_6_3,0,0.115936223248367,1,0.9618786667234875,0.5174254516292747
ball_8_7,0,0.2518620084705652,0.6869516893578481,1,0.8346077195982248
tray_10_7,0.9121825226000861,0.167943201644676,0.625903967969447,1,0.09545963567136688
bowl_4_9,0,0.101191007331025,0.9861426140776267,1,0.5621749002543293
plastic_box_3_3,0.2397365196078431,0.03524255218337956,0.3984937393782334,0.7057835203552787,1
cup_5_3,0,0.1179982508954276,0.9359557210555245,1,0.835080656475874
bowl_8_5,0,0.18591833111274,0.9937752511072011,1,0.4321347395217747
tray_1_3,0.9722222222222222,0.4004904930921813,0.9954850350836963,1,0.1032252523500509
tray_5_9,0.9644958409413674,0.2828717241943728,0.708203473033078,1,0.1148066713786056
book_1_3,0.859504132231405,0.1639467044163366,1,0.6882001778737712,0.2302801735085063
to_go_cup_4_3,0,0.06724969801812411,0.5576978602474253,0.6832145722817426,1
sponge_4_6,0.7616449853126311,0.5389514392001408,0.8359095168227385,1,0.3241256578117808
metal_box_4_9,0.7270253555967842,0.1509006334523937,0.9614387637721745,1,0.3913981599883405
metal_box_1_9,0.5178066704352742,0.1916923620052932,0.9550210904522638,1,0.7824063345147021
bowl_4_4,0,0.09364984986318918,0.9939978301981871,1,0.5741788248685373
plastic_box_6_1,0.707258548290342,0.1397039360065205,1,0.9603220573763119,0.4337423765113449
plate_8_4,0.5506679700228088,0.2297691666565646,0.9637313689037075,1,0.207942243618811
to_go_cup_6_10,0,0.07824075720607825,0.8410381075256717,0.8603019747950755,1
sponge_9_7,0,0.2963449160702122,0.5881716669281906,1,0.3063698263531598
plate_2_6,0,0.2929995875821456,0.9393490467431072,1,0.1281849816761362
ball_10_2,0,0.4076565012161302,0.996796072765551,1,0.9356037203636186
paper_box_2_8,0.1816157760814249,0.01841185082344163,0.2547876505891229,0.6760550191233711,1
metal_box_1_1,0.5151175811870101,0.1517912493876955,0.9094544977707841,1,0.759665330260193
ball_8_3,0,0.2298393625442398,0.619650688420774,1,0.9026843238496615
tray_1_8,0.9725003525595826,0.3644411602743777,1,0.9967075091491634,0.1069715599426729
ball_10_7,0,0.4645074579771621,1,0.9741673316993619,0.9358292176438864
plate_10_10,0,0.1843632723965598,0.863874739018091,1,0.1131315351860909
plastic_box_2_6,0.6956521739130435,0.1875258768266878,0.7587124732398596,1,0.4838218457159887
sponge_1_10,0.8153701968134958,0.7704060020502812,0.6805888864790417,1,0.2425771452931066
tray_6_5,0.9881633458275794,0.3788500694615273,0.8273933712760146,1,0.07968381015521708
bowl_8_2,0,0.1905944915104867,0.9813271861488521,1,0.4360213302170346
plate_2_8,0,0.4642590659254768,0.9428586332778999,1,0.1196951762823124
plate_2_3,0,0.3215891191820393,0.931347025593059,1,0.1171237041149861
plate_4_1,0,0.286373007133384,0.9576632462723076,1,0.1475844166060681
to_go_cup_8_6,0,0.05135143199918359,0.5560859589121309,0.5716932575851468,1
plate_10_8,0,0.3378828781352315,0.8667443286659138,1,0.1182136012963644
metal_box_3_1,0.735546940839373,0.1846446574214566,0.9664396815109713,1,0.3364384084806962
cup_9_2,0,0.07627503282996083,0.6975013411063643,1,0.782452975304985
paper_box_2_2,0.1743744060817232,0.0188874624211662,0.250955609475266,0.6673985584720727,1
cup_10_6,0,0.1151351046277436,0.763961042122572,1,0.7271215301152338
paper_box_9_7,0.1640920554854981,0.01937060928642981,0.3400468738709804,0.6755414713444655,1
paper_box_1_8,0.8803963198867657,0.451322766084938,1,0.7763464585741024,0.2618452694188108
sponge_5_1,0.8042735042735043,0.6096121809156272,0.9091861994634388,1,0.360723901737753
sponge_5_5,0.8085470085470086,0.5503122100963711,0.910845897157105,1,0.3567775873477506
paper_box_4_1,0.8599831508003369,0.1904271528355135,0.7852914457431273,1,0.1754732643574953
paper_box_4_10,0.85541154687763,0.1708395017060357,0.7921734307901404,1,0.1812760815238488
book_2_3,0.8624068992551941,0.2937288901859817,1,0.6967920347739477,0.1962852542312923
sponge_9_10,0.6756850502948317,0.2908339736584603,0.5865964397468222,1,0.3095210419604659
plastic_box_5_7,0.9437919463087249,0.1578958749623962,1,0.8523274946755757,0.3426547480479046
plastic_box_8_6,0.6209602954755309,0.1694511704656826,0.6962245246049726,1,0.370915468096301
tray_7_1,0.8989411888038579,0.3157887469728581,0.5736461115627298,1,0.08569872382032018
plate_6_4,0,0.2250387133884414,1,0.9969782710850934,0.1117130486103476
to_go_cup_4_5,0,0.07153926368937066,0.5566172613557803,0.6805828886847219,1
tray_9_10,0.9267108167770419,0.2261846489054766,0.5858221058960721,1,0.1282504780355589
bowl_1_3,0,0.210707678363939,0.565225479771486,1,0.4540951528351058
book_6_9,0.8793023614755363,0.3494324223622933,0.7075559861098057,1,0.128987632208671
sponge_2_6,0.8164983164983165,0.3836922585299444,0.5633168831912384,1,0.2080718185682918
cup_6_2,0,0.07152213505511326,0.8438470028503002,0.8583625608759609,1
cup_1_8,0,0.05963933251760761,0.6251679605498494,0.6221642134284778,1
metal_box_4_4,0.7284686026309258,0.1480220640574667,0.9581888308710488,1,0.3904113623682445
cup_5_6,0,0.1278300681165439,0.9257785731289865,1,0.8306193615117511
bowl_6_4,0,0.1452207030321584,1,0.9508154207835985,0.5240052521930078
plastic_box_10_10,0.715008431703204,0.4742523872211157,0.7883031868682105,1,0.3993630250902324
sponge_7_1,0.6200836820083682,0.7225818965198808,0.7556077013741632,1,0.4084787671641291
book_4_3,0.9569017480409886,0.2608765147070765,0.7614737674476695,1,0.1009615101165711
bowl_6_6,0,0.1560313302504448,1,0.9417166721542869,0.4879472268520254
book_3_6,0.8791619295111256,0.1636536750260252,0.6929448906992444,1,0.1607145234479733
ball_6_8,0,0.1934884440948987,0.6108672629286923,1,0.972159164465358
paper_box_1_9,0.8758815232722144,0.453424516445766,1,0.7791359873187272,0.2598775555330679
to_go_cup_8_3,0,0.05386874217789191,0.5922811321942913,0.6016874750060903,1
metal_box_2_6,0.5529100529100529,0.1197513826527354,0.9370994249940928,1,0.702221176062005
metal_box_6_2,0.8220018885741265,0.2592942027232221,0.96389717231934,1,0.2265117042451461
plastic_box_8_5,0.6342528735632184,0.1930649674006976,0.7044666962248499,1,0.384000462546541
bowl_8_3,0,0.2009427241111993,0.9678508581518037,1,0.4323688838236054
tray_6_3,0.986495810744209,0.4364518868474067,0.8256652970358056,1,0.0847424048309577
to_go_cup_1_8,0,0.05198290436385297,0.6251679605498494,0.6221642134284778,1
plastic_box_6_8,0.7025733093955715,0.1601236077626015,1,0.9741833405930319,0.3967916359770822
tray_4_4,0.9831950207468879,0.2475678016177707,0.6742763397337482,1,0.1270170182492667
metal_box_4_2,0.7285095856524428,0.1517136826921134,0.9619414657011734,1,0.3932275201267799
to_go_cup_3_10,0,0.05489347638841206,0.8658329413021567,0.7944474498449303,1
cup_5_7,0,0.09524492096023784,0.9609872900713227,1,0.845499332012427
ball_6_1,0,0.2480360004399452,0.6455596545069268,1,0.8493425302989296
tray_4_8,0.9808444902162718,0.4183123034697191,0.6714006390586524,1,0.1117808863880823
book_4_6,0.958452938510349,0.3473081179675336,0.7547344618827225,1,0.09866145091975737
bowl_5_9,0,0.1547524100426924,0.9351675908187428,1,0.434390530322825
to_go_cup_2_10,0,0.05495164055448093,0.8119040388785537,0.8203834052932985,1
plate_10_3,0,0.2358440024552117,0.7984650440095299,1,0.1264671021713379
paper_box_7_10,0.9180368098159509,0.171224579193323,0.5356186388553602,1,0.2010521071973225
sponge_7_9,0.6797853309481217,0.5665909495089015,0.7397572600051399,1,0.4029211348114229
book_3_7,0.8908027299317517,0.3013515858337258,0.6923751241617425,1,0.1598020029028529
cup_8_8,0,0.04743232453534189,0.6133495944706892,0.5851847902676897,1
to_go_cup_6_5,0,0.07609985434360766,0.8313993747460048,0.860184130944624,1
book_10_8,0.8141847105612019,0.2058420640566629,0.7374438790402084,1,0.2523189960755604
book_10_5,0.8077177508269019,0.1860414261926342,0.7296630733881602,1,0.2529830836622295
book_3_2,0.8858312858312858,0.1651842928438277,0.6953642665341541,1,0.1555545167795253
book_9_9,0.9510305284363861,0.3502428598577999,0.705745864366953,1,0.09801652391686726
book_10_7,0.8010059042204243,0.2248732959644041,0.7297839055581726,1,0.2578228115442378
metal_box_5_1,0.7713382507903056,0.1536290113095419,1,0.7481062858032056,0.3839339100158203
paper_box_3_2,0.8655156746933212,0.2140268053765386,0.6544835195625028,1,0.2821356755627963
tray_5_10,0,0.3057250762314823,0.7142392815177199,1,0.1187499009056781
paper_box_6_9,0.7029893924783028,0.2221091101791271,0.5398283270634621,1,0.2610717043240973
bowl_5_10,0,0.1553018687993639,0.9464115254343881,1,0.4394522476326523
tray_9_2,0.9380550621669627,0.5810571332048854,0.5804350701498069,1,0.108378114891878
book_6_1,0.8768851954447522,0.2721488308349313,0.7123831716357228,1,0.1229658370588365
metal_box_8_8,0.6395582329317269,0.174778465586786,0.914437447392871,1,0.4617364468860193
paper_box_1_1,0.8702127659574468,0.4225623706169501,1,0.7812463943090309,0.2609562847313015
metal_box_5_9,0.7703378276018785,0.1705008394352003,1,0.760245415779551,0.3839339100158203
plate_5_8,0,0.3913446658854874,0.9571005544798163,1,0.1031061736322603
plate_3_7,0,0.3365562178448387,0.9752049482676787,1,0.1099444232351273
cup_8_6,0,0.05135143199918359,0.5560859589121309,0.5716932575851468,1
plastic_box_7_2,0.5282172995780591,0.07301538648518688,0.8164016211693154,0.8688507748861287,1
book_3_8,0.8795811518324608,0.2974764687334884,0.6915984727041464,1,0.1594077521957306
plastic_box_3_9,0.236291431189858,0.03268546606270235,0.4006043199507509,0.693939994813555,1
tray_2_2,0.9417214985900363,0.3071789174677857,0.9954802916480353,1,0.1017252529196574
ball_3_8,0,0.3290996989703213,0.6256588054300212,1,0.7756890208751165
plastic_box_7_4,0.52400548696845,0.06534184221891333,0.8165063507695624,0.8626819499476271,1
plastic_box_4_7,0.4010378057820608,0.157188748001119,0.8628542964759971,0.9109278810317273,1
book_1_8,0.8534146341463414,0.206403115188423,1,0.6890574003622286,0.2252734564470618
book_3_9,0.8975069252077562,0.1534305004526935,0.6924278886574207,1,0.1684486222438204
sponge_2_9,0.8658843252305113,0.3632494148695846,0.5636011691507156,1,0.2217690247072706
metal_box_8_1,0.6330244870946393,0.1523910268899118,0.9206902349251493,1,0.4635693021019171
paper_box_7_9,0.9185475956820413,0.2883126423441097,0.5469371010738908,1,0.1243962412434065
cup_9_7,0,0.07174615872039715,0.693466246127164,1,0.7701257008949425
plastic_box_8_7,0.6402325581395348,0.1482151972808055,0.7161455653388548,1,0.3816451482108088
bowl_10_1,0,0.09059630150640839,0.9326848087913219,1,0.5081221678892917
book_7_10,0.9976772994735212,0.3102159091026844,0.6738034080541215,1,0.06587287996411471
ball_9_7,0,0.1787214443654503,0.7773053778724978,1,0.9576976614217764
cup_2_3,0,0.1017020854715949,0.6741094273653238,1,0.6695830543859013
plate_7_10,0,0.4472400978243723,0.9980668127257273,1,0.102976147282171
plastic_box_8_4,0.6280972417017298,0.1771701238257319,0.7066699648778147,1,0.3794954164615977
paper_box_4_5,0.8603671888159002,0.1563124441478999,0.7934427691815823,1,0.1836817690284927
tray_10_2,0.9155545989381547,0.1800106595668772,0.619857148433151,1,0.09509546722596292
to_go_cup_6_7,0,0.08156890302265886,0.80444334963454,0.8785387494357783,1
plastic_box_9_3,0.5654659805603202,0.1628538858288228,0.9083342448895116,1,0.5680975351001112
metal_box_1_5,0.5142697257974258,0.1280344415928167,0.9116614936402608,1,0.7857181494147423
tray_8_5,0.973586078309509,0.4160775596737024,0.9788371206380123,1,0.1174860983811771
cup_7_8,0,0.06086991062858243,0.7642982073490393,0.7682603878400827,1
sponge_8_2,0.744299674267101,0.3077376183646103,0.353212134035136,1,0.188073614689298
sponge_3_7,0.7856540084388186,0.5076169349785339,1,0.8638638025222769,0.2963428488310625
plate_1_8,0,0.5946969793423169,0.9538152965082117,1,0.132176834283134
ball_5_1,0,0.241835005100824,0.5896030827267652,1,0.877652514485758
plastic_box_7_3,0.5215644253951246,0.08275673837315282,0.8163001706972525,0.8649840643539911,1
cup_5_5,0,0.1266664154966228,0.9430193016280601,1,0.8370178545149779
paper_box_2_5,0.1814744801512287,0.01880760806516037,0.2524933491752285,0.6904092335617245,1
plate_4_6,0,0.2704900283507983,0.9589687930606333,1,0.161128884808424
book_2_7,0.861796643632774,0.2539690461480328,1,0.6941896728929614,0.1971740071726098
book_7_3,0.9964831804281346,0.2857100252891041,0.6741620343687967,1,0.07044059068067048
plastic_box_8_10,0.6365740740740741,0.1804046346148521,0.705160409139053,1,0.3759143910869526
to_go_cup_6_4,0,0.07587931441227566,0.8373209967460254,0.8496749241027489,1
plastic_box_10_3,0.7396694214876033,0.4709515967239498,0.8367472883092344,1,0.4152062868336552
paper_box_3_10,0.8574057037718491,0.2106880363553259,0.65352409403723,1,0.2839735399303399
ball_10_6,0,0.4140246951177835,0.5416964621058525,1,0.9494903730120917
tray_8_3,0.9733828536056949,0.5595455694052823,0.9764025105151503,1,0.1198060763848355
plastic_box_10_2,0.7576489533011272,0.4274552362915971,0.7555443319370568,1,0.3929037357751588
to_go_cup_6_1,0,0.07427283407531052,0.841677336629369,0.8715608662990253,1
paper_box_4_2,0.8564931783729156,0.1589949750724195,0.7963523906230449,1,0.184875525428781
ball_1_2,0,0.1573631119254484,0.6890490236189841,1,0.8984575094067832
plastic_box_2_3,0.7134964483030781,0.184302680745146,0.7808617522266839,1,0.4844818196812686
sponge_7_8,0.64568345323741,0.6836364769358833,0.7371450549543878,1,0.3962370363776453
book_1_9,0.8579127878490935,0.1646408189570422,1,0.6813557703145495,0.2259596012411346
tray_10_1,0.9161899313501144,0.1865297460285607,0.6224271349811842,1,0.09489424757808637
bowl_3_3,0,0.1442701341909624,0.9498364243906557,1,0.5297511448893176
sponge_1_4,0.8041543026706232,0.5951673543330382,0.647178640242224,1,0.2338236706162503
to_go_cup_4_6,0,0.07162207495117263,0.5578436179075644,0.679642544635014,1
metal_box_5_10,0.7704197605697833,0.1794651512054315,1,0.7683953467895873,0.3793900055086281
metal_box_7_7,0.3701821262177044,0.05715254674052569,0.7964495017272064,0.6806502929939082,1
metal_box_3_3,0.7394901232483538,0.1593214214149321,0.9655567385735888,1,0.3364384084806962
plate_9_3,0,0.1490934710747313,0.8779477281608805,1,0.1782164309441051
ball_2_6,0,0.2498931275843809,0.7655169823481126,1,0.9016459236485648
book_7_2,0.9938471004460853,0.2891901082002322,0.6813009314914636,1,0.07116166848691555
plate_9_10,0,0.1409455479659159,0.8341322289154696,1,0.1910055562712395
plate_8_5,0.5323359073359073,0.1559415120620701,0.9614353418793319,1,0.2079677712446512
ball_8_9,0,0.2461222860018318,0.659333495101283,1,0.8055413699779631
bowl_1_7,0,0.1622802041790245,0.5865760830460952,1,0.4464447136995165
cup_4_9,0.1624040920716112,0.06919278928643699,0.5564853222172943,0.6732027026037266,1
tray_10_9,0.9214152432897947,0.2349556214516234,0.6254369778881741,1,0.09557623786362264
paper_box_3_3,0.86492673992674,0.202957073525167,0.6334450897116413,1,0.2895117049679697
book_8_6,0.953265178385145,0.412141648404157,0.7532083126612619,1,0.1079855584514385
to_go_cup_7_6,0,0.04475850808037168,0.7711182227683259,0.7946365039518377,1
bowl_7_1,0,0.1239556177188986,0.9745097396843928,1,0.7218456780103971
sponge_3_10,0.7817576009995835,0.5007165551384463,1,0.8533320390621676,0.28853021990199
ball_8_2,0,0.23559136526625,0.6203285916817538,1,0.8477321804201333
sponge_6_6,0.6546961325966851,0.8982218778924292,0.6957369207947391,1,0.4212532705313445
tray_6_6,0.9871278372801415,0.2142452648595569,0.8319885540811179,1,0.0848470162055293
ball_8_1,0,0.2393472455056089,0.6213487743010533,1,0.8513147525446166
ball_3_3,0,0.318113556068961,0.6181381048122693,1,0.7975667622059844
metal_box_6_9,0.8186101295641932,0.3099041507018363,0.9580205806471507,1,0.2235358067027794
paper_box_8_10,0.6210777626193724,0.2932063895680713,0.3494149295671339,1,0.2432752155947761
plate_5_2,0,0.3915869497976763,0.9566997667741987,1,0.1003527258242861
paper_box_2_1,0.1756799493991145,0.0191360472675285,0.2751123394177657,0.6796643565072685,1
cup_1_9,0,0.06722522142405982,0.6018779687501392,0.6275185477448114,1
to_go_cup_1_6,0,0.04923858398093856,0.6166384710593104,0.6229352454094195,1
tray_9_6,0.9389920424403183,0.3598959818711256,0.5753551369828036,1,0.1234975216286149
tray_9_9,0.9278761061946903,0.2211898289927147,0.5863690141225117,1,0.127971842231055
ball_9_8,0,0.1742100186677551,0.7489782577596348,1,0.9417327069274289
plastic_box_7_10,0.5403422982885085,0.06348392214814202,0.8044457483123882,0.8554559818668293,1
cup_10_7,0,0.07379660642971263,0.756808122091224,1,0.7540720034159102
ball_3_9,0,0.3205287285905256,0.6254807745676888,1,0.8036721421959832
to_go_cup_5_1,0,0.09920707377041772,0.938306051171769,1,0.8510904218593536
paper_box_5_6,0.4623698959167334,0.1432492220047522,0.5349154688388074,1,0.5907770639340978
bowl_9_5,0,0.08958509840460895,0.9839976953760335,1,0.5731134836489178
plastic_box_1_1,0.6262088974854932,0.08942324637045122,1,0.9994724354674799,0.5961682794120543
plastic_box_7_6,0.518186610437533,0.06774634282052679,0.8157469731665264,0.8664040958678132,1
ball_2_7,0,0.2389717756521592,0.7989865860648527,1,0.970381055339001
book_8_2,0.9550180352217271,0.4439262645913519,0.75021581480527,1,0.1028093177574265
ball_10_8,0,0.4646255286559533,0.9875891013830429,1,0.947980552594676
plate_9_5,0,0.1698890114881787,0.8759418989706559,1,0.1852681564650751
to_go_cup_5_3,0,0.1179982508954276,0.9359557210555245,1,0.835080656475874
to_go_cup_3_5,0,0.04729418261357978,0.8665005315259829,0.8011602611594418,1
plastic_box_6_9,0.6990464839094159,0.1390858962611292,1,0.9581613502860981,0.3894290264362884
to_go_cup_8_9,0,0.06360791932222447,0.5549409603243679,0.5077650854399564,1
plastic_box_8_8,0.6242562929061785,0.2071100996781475,0.685620240555835,1,0.3658735760863909
plate_6_6,0,0.2288726378534584,0.9985304070940076,1,0.1071637576615377
sponge_3_6,0.7750937109537692,0.4375434975706103,1,0.8673802245043912,0.2885748584693941
bowl_4_6,0,0.08550950999512225,0.9904246982113276,1,0.5768399565704962
plate_10_7,0,0.2359014403759039,0.8605649744730942,1,0.1102308727820081
metal_box_1_2,0.4963297571993224,0.1576402617996765,0.923776049753577,1,0.7925037549670133
paper_box_9_5,0.1647582697201018,0.01815188157798528,0.3402567067017112,0.6767382251499928,1
plate_2_1,0,0.269585280720918,0.9239560241452,1,0.1270601568004177
cup_5_4,0,0.09055405942543844,0.9323389849458406,1,0.84566017323135
ball_5_6,0,0.2646006945747933,0.6317477418649089,1,0.8854103080932397
sponge_10_6,0,0.6148136574800045,0.8933913859607169,1,0.1724833111994589
tray_3_2,0.949566055930569,0.2603184336824061,0.9531487191394772,1,0.0834976040012787
paper_box_7_2,0.917629702483403,0.2704603111445713,0.5448269203534869,1,0.1214040356058744
metal_box_1_10,0.4983069977426637,0.2011168814120121,0.9588899806513355,1,0.8081672174492224
to_go_cup_5_7,0,0.09524492096023784,0.9609872900713227,1,0.845499332012427
paper_box_4_6,0.8590524534686971,0.1519892759645276,0.7897147666423174,1,0.1812547608276073
paper_box_4_8,0.8587360594795539,0.1614160240788879,0.7884050476091119,1,0.1825102327675663
metal_box_5_8,0,0.1565260929458611,1,0.7460608188984323,0.3839309174024066
plate_6_8,0,0.2642918003758598,0.9907788594391885,1,0.1106291420480216
plastic_box_3_4,0.242265661074342,0.03470311484204273,0.4099765101498744,0.7059214425611005,1
plastic_box_7_1,0.516395627832578,0.09382033367476005,0.814568450538282,0.8390769387693799,1
ball_5_10,0,0.2110425175708645,0.5896030827267652,1,0.8337415783827232
sponge_9_5,0.6625874125874126,0.3014007246362075,0.6013271058934825,1,0.3045196053320545
paper_box_5_5,0.4501206757843926,0.1841003378657823,0.5125541549675494,1,0.5807820602951514
metal_box_4_5,0.7294960474308301,0.1254059273017975,0.9619929569692238,1,0.3919613429198431
to_go_cup_8_5,0,0.04822725283924991,0.5883693895849764,0.5665862154292397,1
ball_10_1,0,0.4234885007715746,0.5307071341022607,1,0.9568711014597283
to_go_cup_1_1,0,0.05319115682392733,0.6118151352432702,0.624802865775166,1
to_go_cup_7_8,0,0.04139074549318256,0.7642982073490393,0.7682603878400827,1
metal_box_6_1,0.8158573774337321,0.3080628656648792,0.9677227029417815,1,0.2270318686595628
bowl_1_5,0,0.1536997287534933,0.6453107327165988,1,0.4467426943225191
bowl_4_3,0,0.08584884994754094,1,0.9840017720351578,0.5574283748882981
plastic_box_5_6,0.8878048780487805,0.2116565748872443,1,0.8858941805687782,0.3481824539003595
metal_box_2_9,0.54638124362895,0.1751654344200206,0.8479495508466423,1,0.6826321128936952
book_9_4,0.9462700513938639,0.3598575851557637,0.7095686431239222,1,0.0969469370972129
plastic_box_3_7,0.2440871850363271,0.03130661720560493,0.4043879868409532,0.7001345559800144,1
tray_6_10,0.9876016663360444,0.5103196691143096,0.831320202080592,1,0.05879360931303611
tray_5_6,0.978051282051282,0.2809654213644662,0.695052408712707,1,0.1135574875545832
book_2_10,0.8536200434010653,0.2225531456824159,1,0.6839245414739678,0.1947302605058731
cup_6_10,0,0.07824075720607825,0.8410381075256717,0.8603019747950755,1
bowl_8_1,0,0.193186286792516,0.9737430749755528,1,0.4359780825119822
to_go_cup_3_6,0,0.05682295583767642,0.8591402687077313,0.8058583919273496,1
paper_box_10_5,0.6886120996441281,0.20813226919475,0.9116284840076612,1,0.5147525079444543
tray_5_5,0.9684638860630722,0.3537414536755514,0.695514485361824,1,0.09765405931866795
plate_2_5,0,0.31261040792206,0.9479152305328326,1,0.1190993482762716
sponge_5_3,0.7909556313993175,0.4922165957587875,0.9383467232943103,1,0.362439381456222
bowl_3_8,0,0.1482775379669472,0.9497982092771604,1,0.5302662760570791
book_6_10,0,0.3379562612336915,0.7225887642741466,1,0.1309437560601019
paper_box_9_2,0.1648473342825502,0.01969662542688038,0.3419747141060879,0.6829785093633919,1
tray_9_5,0.923876963930073,0.3050583736277136,0.5860045335076277,1,0.1157800452339384
book_5_2,1,0.6665563028022327,1,0.704414987097548,0.05477838701035859
bowl_7_3,0,0.1188443940277604,1,0.9920806440633915,0.7478955934133256
cup_1_10,0,0.06281027320057053,0.6091355356489495,0.6075614276226311,1
paper_box_7_6,0.9211372064276885,0.4028502627845154,0.5445324588079477,1,0.1193642311948543
paper_box_6_2,0.7108610567514677,0.2735487688117501,0.533396812382345,1,0.2513568723096629
bowl_4_2,0,0.09324067424431567,1,0.9959044381349994,0.5553039767480791
paper_box_9_4,0.1654790182106096,0.01953804896834093,0.3420743765263818,0.6768566404404409,1
metal_box_9_10,0.6786534047436878,0.1098396102389673,0.6321795154472324,1,0.3142572381485692
ball_6_10,0,0.1879425109167368,0.6231954220510966,0.9960403291185268,1
book_3_4,0.8806530612244898,0.1580413549333459,0.688800626566479,1,0.1606787177642549
book_6_5,0.8898814107500385,0.2087527067908456,0.7146898801456097,1,0.1246963926735157
bowl_6_2,0,0.1445659395272317,1,0.9876330118251531,0.5306486876649935
ball_10_5,0,0.3985207744067573,0.9879707511116294,1,0.9296391962386115
tray_2_10,0.9452915997859818,0.3621029865482626,0.9707865258101823,1,0.09684107976008978
paper_box_4_4,0.8533085752869682,0.1621055787651398,0.7869943850471999,1,0.1838075217747883
sponge_10_5,0.9580552907530981,0.8696319904499188,0.8913565798786169,1,0.1442997704678128
plate_1_7,0,0.4860265005633762,0.954708679416337,1,0.1345416409049034
plate_3_5,0,0.3728213202971357,0.9833470348454996,1,0.09753404832795606
plastic_box_9_5,0.5633314054366686,0.1642420703929202,0.9028532414385181,1,0.5512976037872332
paper_box_6_10,0.7155919153031761,0.2779036021950757,0.5317767191493776,1,0.2559366384304849
sponge_6_10,0.6498993963782697,0.8596646424996817,0.6964336714945208,1,0.4351765632938751
plastic_box_4_4,0.379615952732644,0.1494425449956426,0.9244903593304362,0.9884923692928587,1
ball_10_10,0,0.4500110068141486,1,0.9780388829852852,0.9283417703163923
ball_7_5,0,0.0741062708778322,0.6444820510745982,1,0.935698131130274
metal_box_2_1,0.5503916449086161,0.1756904440853071,0.9180504863490785,1,0.7096685014813495
cup_3_2,0,0.05417159512522133,0.8712560260817063,0.7983227279091634,1
tray_6_7,0.9844472881189094,0.2082546020356541,0.8337858124560595,1,0.08468325937495558
ball_7_1,0,0.06079041336832854,0.6954931374444796,1,0.905136988356718
tray_7_3,0.893163286640184,0.2666941239438262,0.5796736295738408,1,0.08286805184111798
bowl_3_6,0,0.146548873483157,0.9472500937097975,1,0.5226265029833914
tray_3_5,0.9555037404061012,0.2715403581824716,0.9567310066001686,1,0.08778664978528813
bowl_2_10,0,0.1119426826480553,0.9596284173658234,1,0.4719266562259357
plate_8_8,0.5392108304441142,0.1591011428288227,0.9623444849757837,1,0.2069072934698384
tray_7_10,0.9036485636401761,0.4067840690060469,0.5728455163349638,1,0.08038647690674536
paper_box_7_8,0.9246810598626104,0.3429433620795108,0.5461565008379337,1,0.1187800368097717
plate_10_1,0,0.4041370911132746,0.8638519376205515,1,0.1121977692825997
plate_5_4,0,0.4216208872894598,0.9605447577495823,1,0.09363393971592943
ball_1_3,0,0.174710126774445,0.704779097616888,1,0.9230214307664868
plate_4_2,0,0.2619152884237733,0.9576632462723076,1,0.1475844166060681
plate_2_7,0,0.2911241189342447,0.9448632654787691,1,0.1293289475918643
metal_box_7_1,0.370940170940171,0.05684013487371441,0.786192985668352,0.7042627543328203,1
to_go_cup_2_1,0,0.06009653340648381,0.8051624919249666,0.8275237598164759,1
cup_2_5,0,0.1057051660543299,0.6725379068348205,1,0.6695128776587964
plate_10_2,0,0.4856530882620952,0.8656004165280217,1,0.110668804140475
ball_7_6,0,0.07952940052216316,0.6647068447723665,1,0.9311621034652933
sponge_1_5,0.8191287878787878,0.8808086768198041,0.6538428630032204,1,0.2352926071001809
metal_box_7_3,0.3654414871144909,0.0780696665802864,0.7780899142419296,0.6809808040526316,1
paper_box_6_4,0.711733462095606,0.2597837719865186,0.5514467578102815,1,0.2600862509610752
ball_8_8,0,0.2363707197087567,0.592404594035618,1,0.8557548233752298
tray_10_4,0.9194563662374822,0.2663889462950779,0.6241089971403325,1,0.09314795125108731
to_go_cup_9_10,0,0.06385892256263653,0.5901208456575372,0.6344771997426182,1
plate_9_4,0,0.2135341415295382,1,0.9582884655225787,0.1383480528194961
book_9_7,0.9374902814492303,0.2501245001123909,0.705551391760344,1,0.09616073077153575
bowl_1_1,0,0.1573178289626076,0.4486488850533366,1,0.4547022426548686
paper_box_9_3,0.166403785488959,0.01910169550633284,0.3383206099715346,0.6728916480121914,1
tray_2_9,0.9444296375266524,0.3649378917839016,0.9732667330744167,1,0.0956044462985818
plastic_box_1_5,0.6268803945745992,0.09105742138937642,1,0.9957582916712567,0.6143275527472467
metal_box_3_10,0.7362840794345338,0.1335733821774428,0.9601467965347557,1,0.3337405104677982
bowl_10_8,0,0.0676279279384638,0.9232131649347664,1,0.5086338305635921
ball_1_9,0,0.1663276854039507,0.6960946432326233,1,0.9098045524884023
plastic_box_1_6,0.6119439665765545,0.08894670478715729,0.9884234395761045,1,0.6306467570548194
bowl_9_4,0,0.07163995833947137,0.989653016107046,1,0.5869690307546452
paper_box_6_6,0.7198462277751081,0.1917018949595951,0.5409515114090383,1,0.2737540677442271
book_7_8,0.9973954343496246,0.4037083477129046,0.6738393401092402,1,0.06648548200519397
book_9_5,0.9493572866656342,0.2506428253637278,0.7052838163372422,1,0.09638155908102648
paper_box_6_5,0.7455335586673105,0.2574151642304144,0.5520973660794534,1,0.2603930806138084
tray_5_1,0.9740551583248213,0.4446910757689292,0.707030126997602,1,0.1087110614287742
ball_7_9,0,0.074777890263647,0.6351805047567968,1,0.9384499915991459
sponge_6_1,0.6593406593406593,0.9112443719123756,0.7021793573989769,1,0.4088834603006379
metal_box_4_8,0.7285501119124596,0.1226093274718834,0.959386595386539,1,0.3901234627591718
to_go_cup_1_5,0,0.04758100534080994,0.6309185475463607,0.6116586424988188,1
to_go_cup_1_10,0,0.04837514794095736,0.6091355356489495,0.6075614276226311,1
cup_4_10,0,0.06960699475376834,0.5622388344034216,0.6615643072741845,1
book_3_3,0.8779418925499107,0.1579987231540932,0.695532104570449,1,0.1601822006114553
bowl_1_6,0,0.1442989252313966,0.5574815323254539,1,0.438749588535841
plate_4_5,0,0.2636724136877723,0.9566069885628123,1,0.1455875124163797
book_5_5,0,0.4737778639573675,1,0.708726747094179,0.06094880480624661
cup_9_10,0,0.09328304733696804,0.698493552937427,1,0.7708693199058686
sponge_8_5,0.7393185505678745,0.3238805949823961,0.3555679213264291,1,0.1795531853476997
metal_box_5_6,0.7696026590119354,0.1533715106360901,1,0.7610115927032518,0.3836924526773502
sponge_6_7,0.6664345403899722,0.8421695468408746,0.6853631647698919,1,0.432980570900211
plate_6_7,0,0.2265027219906038,1,0.9948748848991993,0.1104830232759734
sponge_1_6,0.7897334649555775,0.8339599440616011,0.666268997756924,1,0.2513118072656639
cup_6_4,0,0.07587931441227566,0.8373209967460254,0.8496749241027489,1
book_4_10,0.9637407463363046,0.2446033832359768,0.755659074537265,1,0.09878080571932046
cup_3_7,0,0.05791430859351235,0.8510423590457368,0.7982626957460921,1
sponge_7_5,0.5990950226244344,0.6472835875881675,0.7760705613522283,1,0.4154899730165004
bowl_2_3,0,0.10436596966889,0.9581095292267205,1,0.4710016593042327
ball_10_3,0,0.383965616810712,0.5279876071578272,1,0.9184656820192889
plastic_box_5_9,0.9434931506849316,0.1752779310774121,1,0.8763727682754657,0.3209875679618162
sponge_9_1,0.6634112312521799,0.2865419724033688,0.6050743110224032,1,0.2952189863628648
metal_box_8_4,0.6343906510851419,0.1810255984358311,0.9081100422756841,1,0.4700896331114011
plate_7_8,0,0.5889746764755396,0.9959188854751169,1,0.1027055633704216
book_10_9,0.8024202420242024,0.2278385342176771,0.7408583573472385,1,0.2534424496915039
metal_box_9_6,0.6786885245901639,0.1668157847641537,0.6243851487685589,1,0.3158354352122026
ball_6_5,0,0.1948420896635383,0.6414427117187849,1,0.9673822009027342
metal_box_8_7,0.6419959812458138,0.2114705214539256,0.9188544751489635,1,0.4498995667124558
metal_box_9_7,0.6859856561349099,0.1998953921364667,0.6346329712199372,1,0.3236268906652652
metal_box_6_8,0.8167217760982523,0.2877130850332646,0.9649066141846911,1,0.2228522491914629
bowl_6_5,0,0.1593166300116256,0.9663487745436619,1,0.4928163513997501
metal_box_8_10,0.6531772575250836,0.2559913151584078,0.9229522845025346,1,0.4657045421483164
plastic_box_6_2,0.7003003003003003,0.1518344547709103,1,0.9268488666463247,0.4106727253496726
metal_box_10_7,0,0.2093960884310196,0.9308236431889162,1,0.300572094025317
to_go_cup_5_5,0,0.1266664154966228,0.9430193016280601,1,0.8370178545149779
metal_box_9_9,0.6808675445391169,0.1119463528394381,0.6285995059490447,1,0.3134501034790182
plate_7_7,0,0.6134308407587931,1,0.9830262156760836,0.101364617467887
bowl_8_4,0,0.1976967507997893,0.9904366632199884,1,0.4358823070139107
ball_3_5,0,0.3256090243215632,0.6326296469932743,1,0.7778613547498543
cup_10_5,0,0.08614300864342649,0.7617812245163118,1,0.7224451994951193
metal_box_3_7,0.7243006403774856,0.1417964711660111,0.9473227820122767,1,0.3346586728708068
plastic_box_6_10,0.7022302591922845,0.1510417343889045,1,0.96364971530842,0.4048736138133513
sponge_10_2,0.9285014691478942,1.026050567554659,0.9043045024737829,1,0.1421961138843847
bowl_6_10,0,0.1715095113508619,0.9807093157178052,1,0.4763339155311277
bowl_7_5,0,0.1274266136355579,0.9622275544131261,1,0.7138748798694323
tray_9_3,0.9271201413427562,0.2353131604427709,0.576108963532447,1,0.1198348111073044
to_go_cup_7_10,0,0.04776255942489201,0.7779207133451413,0.7820759930771967,1
to_go_cup_1_2,0,0.04350300002680761,0.6076298721250314,0.6152183173046226,1
paper_box_8_8,0.6089613034623218,0.2400165618514226,0.3449837604943164,1,0.2394071347444561
book_4_9,0.9551718915644404,0.4217314330467467,0.7556065622893101,1,0.1105642370214997
plastic_box_10_4,0.726271186440678,0.417659378379519,0.8213306999095213,1,0.3972505232314431
sponge_9_9,0.6707189996526571,0.3140651002787059,0.5861702249919244,1,0.3003403842586669
tray_5_7,0.9657072872014697,0.3865392380333566,0.7224122883763624,1,0.1150535301415021
ball_5_2,0,0.2834481552889916,0.6084766246069439,1,0.9092824672454605
paper_box_3_8,0.8534365043240782,0.2163496728091153,0.6432609277531768,1,0.2787684905297377
to_go_cup_5_4,0,0.09055405942543844,0.9323389849458406,1,0.84566017323135
cup_4_6,0,0.07162207495117263,0.5578436179075644,0.679642544635014,1
metal_box_10_4,0.722872340425532,0.1856699020379588,0.9501009783558413,1,0.3000969123185034
paper_box_3_6,0,0.2175515301287404,0.6823796901292722,1,0.2966375525077964
sponge_3_5,0,0.3755290882471298,1,0.8483886034351849,0.3031973292081026
ball_6_6,0,0.1952302679784635,0.6781435319360861,1,0.9796344237945945
bowl_3_10,0,0.1504737224893572,0.9339990955994572,1,0.5195159572928093
bowl_5_3,0,0.2138991101806425,0.9228545231778468,1,0.4322380718023678
ball_3_7,0,0.3119423217338456,0.62910716020892,1,0.8051039923772529
metal_box_2_5,0.5679205851619644,0.1232553960189978,0.9578013563104709,1,0.7078576280455249
tray_1_7,0.9699216564073867,0.3778292461268116,1,0.9939587582968982,0.1031396830327908
ball_8_10,0,0.2551578462140088,0.6406944501891753,1,0.801102964019926
to_go_cup_4_7,0,0.06759823637179745,0.556698053796127,0.6586790761889768,1
plate_10_4,0,0.2591145070340077,0.8642002843028493,1,0.1126147241698417
sponge_1_8,0.806829268292683,0.5899819026618385,0.6879584376406878,1,0.2465084369183615
to_go_cup_1_4,0,0.0462427818687698,0.6140683632640436,0.6278626118815845,1
sponge_2_4,0.8369932432432432,0.3852249937536328,0.5873088270166226,1,0.2034216799616319
tray_8_8,0.9640266021765417,0.433753447064234,0.9876299745547878,1,0.1148040312654287
ball_6_2,0,0.1931455272197893,0.6720837562535132,0.9935441386863562,1
ball_4_9,0,0.3042999910548893,0.4718885997763765,1,0.8629923052658658
plastic_box_9_7,0.5652421652421652,0.1610452500170632,0.8664996804240042,1,0.5504811671758303
ball_9_5,0,0.1756480817569349,0.7471004815738862,1,0.924394695432448
plastic_box_2_1,0.7236842105263158,0.1867431713159704,0.7904436930491991,1,0.4882416849735073
plate_9_9,0,0.1991771727463416,0.8759605462796339,1,0.1812305771496486
paper_box_6_3,0.7300672430355427,0.2202729836890712,0.5519491613225807,1,0.2603231808179123
ball_5_3,0,0.2644373052582252,0.6523404705714269,1,0.8881120890014966
plastic_box_1_4,0.6250920697274736,0.09075525273282364,1,0.9974477252649994,0.6138273419403568
plastic_box_4_1,0.4087152516904583,0.1490998984947107,0.9399356195177241,0.9477691425862349,1
metal_box_5_4,0.7737049378976067,0.1550267982033255,1,0.7453368408387231,0.3833061559298916
paper_box_5_4,0.4586012861736334,0.1448256586207679,0.5198336461964882,1,0.5833282798405537
paper_box_2_10,0.1872460143794936,0.01790202030809238,0.2706189119111269,0.6691461048030765,1
plastic_box_1_9,0.6136141038197845,0.09424693177814794,1,0.9796685875321186,0.6097934485417835
plate_7_9,0,0.5386582883813716,1,0.9994358463037573,0.1028316968870154
plate_9_7,0,0.1968729251422178,0.8849717139354815,1,0.186175052400597
ball_1_1,0,0.1637414640295944,0.6858711152902539,1,0.8749743942522409
to_go_cup_2_2,0,0.05806536218423538,0.8319153730417955,0.8419718754602918,1
plate_3_10,0,0.3641099227894086,0.9787499481031701,1,0.1023961597603993
to_go_cup_2_4,0,0.1344330221429347,0.8147884456055109,0.863576225481391,1
paper_box_1_10,0.8802816901408451,0.4709572785531486,1,0.7728489846940392,0.2602355772949081
ball_3_1,0,0.3565322690800025,0.627210772810505,1,0.8085824956319538
metal_box_10_1,0.7136125654450262,0.1653038311636924,0.930268547405465,1,0.3078440861958535
bowl_1_4,0,0.152459014198489,0.5876585827294175,1,0.4554344799447139
book_1_4,0.8587009209888512,0.1961426457012014,1,0.6929968111336162,0.2295128587011049
tray_5_8,0.9731258840169731,0.2941755042889092,0.7314527306092502,1,0.1155773900264429
plastic_box_5_1,0.9280936454849499,0.1503174583669754,1,0.8784178731632328,0.3551476769811864
book_2_4,0.8632528938591328,0.2069910958293227,1,0.6973108744122363,0.202645836561295
sponge_9_2,0.6630510846745976,0.3070035805371331,0.605018174301842,1,0.3095145041978065
to_go_cup_7_7,0,0.04204360743067413,0.7864915714267064,0.7615093872451545,1
tray_3_9,0.951518691588785,0.241426489504411,0.9529260086444012,1,0.08987129387531972
ball_9_2,0,0.1655829050098006,0.7256035121030822,1,0.9487887961403886
tray_7_6,0.892689540098029,0.3224650243838299,0.5893256957084727,1,0.07990067455704974
ball_9_6,0,0.1775016237268279,0.710223139241516,1,0.9444371305293199
plastic_box_9_10,0.5657175726200748,0.150125082916309,0.9148235853980077,1,0.5801475765241881
plastic_box_7_9,0.5214609437483337,0.07422096890365036,0.8028550856935468,0.8583373252434957,1
bowl_3_2,0,0.1133527678812954,0.9275541936539512,1,0.5201942716788405
metal_box_10_5,0.7438105489773951,0.2086296156650255,0.9658143631744616,1,0.3164524376208112
plate_10_6,0,0.4515444355206804,0.8601252583606749,1,0.1118361876580024
sponge_8_9,0.7407407407407407,0.3315655861937663,0.348069271742371,1,0.1784824005458603
plate_4_9,0,0.2852182135607275,0.9675604465794622,1,0.1529308831944067
to_go_cup_10_2,0,0.1086240395093767,0.863589156526973,0.8959749950282812,1
book_9_1,0.9527436654748951,0.2518496196857036,0.7148738643600552,1,0.09665250842074692
to_go_cup_4_10,0,0.06960699475376834,0.5622388344034216,0.6615643072741845,1
plate_3_1,0,0.3494012192766382,0.9834853154901709,1,0.0922480693698651
bowl_1_2,0,0.1041185309417631,0.5825896047608802,1,0.4552460845397823
sponge_4_10,0.7450020399836801,0.4447620306259245,0.8410454020628687,1,0.319490954111875
plate_5_10,0,0.4089938102327836,0.9649422833060568,1,0.09824086477872565
bowl_2_9,0,0.1160503400648871,0.9508943482755878,1,0.4656176271770538
book_1_1,0.8515453881723047,0.280735654408948,1,0.6821966427062829,0.2233903877103101
paper_box_8_7,0.5955479452054795,0.2403877402413678,0.351025393624619,1,0.2430875858631413
to_go_cup_6_6,0,0.07576021843109915,0.8622084342230922,0.8788196200064973,1
bowl_9_6,0,0.07097855507040657,0.9893979519608168,1,0.5800177471401993
bowl_7_7,0,0.1072035306444213,0.9891906917282064,1,0.7284764783600012
to_go_cup_9_1,0,0.08820498911756217,0.6026361119440977,0.5893321152357507,1
bowl_10_5,0,0.1318786513238597,0.939277869708996,1,0.5130975806079704
cup_1_7,0,0.05915348061662764,0.6259408497758074,0.620927015976716,1
cup_9_9,0,0.09866113493585309,0.6962013584788437,1,0.7701254564712129
to_go_cup_9_7,0,0.05183950802457325,0.5898777575648351,0.5856820861744777,1
metal_box_8_9,0.6610169491525424,0.1753623268792031,0.920983125006994,1,0.4484226973132057
metal_box_8_2,0.6444073455759599,0.1720908365235328,0.9155664648515228,1,0.4509384907238069
tray_4_9,0.9700335289186923,0.2276783450545597,0.6724941464342373,1,0.138772155887802
cup_9_4,0,0.07296436829255179,0.6945762723390448,1,0.7768870919735907
ball_4_8,0,0.3780296879439908,0.5146166542869834,1,0.8023449138452621
cup_8_10,0,0.04808223379702407,0.6186243505434207,0.5391889838671787,1
book_6_6,0.8808353808353808,0.3494218395825983,0.7131144103819842,1,0.1281059264217506
tray_3_10,0.9548901419405017,0.2512298618339726,0.9590477503403353,1,0.08754204223444326
cup_10_3,0,0.09164126404944123,0.7626764420804917,1,0.7412312002714663
ball_4_4,0,0.2649419721924159,0.5033440262073257,1,0.8262518738937743
tray_8_9,0.9626888683317916,0.5251878109104586,0.983316892517826,1,0.1344959564174778
bowl_9_10,0,0.08623683009239881,0.9805070666794632,1,0.5948501544598473
cup_2_10,0,0.1058538622560085,0.6787278129782806,1,0.6747275843453717
cup_8_9,0,0.06360791932222447,0.5549409603243679,0.5077650854399564,1
to_go_cup_8_1,0,0.04727658009488028,0.5623226616818321,0.5242416716052877,1
to_go_cup_6_8,0,0.07886313838028411,0.8293729574572305,0.8648165833661141,1
book_5_9,1,0.6954004164789558,1,0.7171461889864962,0.05855837044594241
book_5_3,1,0.5423633036627319,1,0.7018120106141639,0.05711282484620498
paper_box_10_3,0.6793960923623446,0.1974170703772706,0.9043530973245885,1,0.5053829838671589
tray_4_5,0.9748126561199001,0.359934442435268,0.6723626861718008,1,0.1236998652384343
bowl_8_10,0,0.2265613213864857,0.9416589706260743,1,0.4352306444778378
book_10_2,0.806775956284153,0.2222989108454134,0.7351610842824254,1,0.2562851822269516
cup_1_2,0,0.0639905918154214,0.6076298721250314,0.6152183173046226,1
metal_box_2_4,0.548618219037871,0.19579602512693,0.9382853251884313,1,0.704023876698389
book_4_1,0.9555284800487359,0.3281083362173634,0.7546574280222196,1,0.1130334006623858
tray_8_6,0.9624036979969184,0.3699991803157828,0.9768311346467651,1,0.1169535407968627
plate_7_6,0,0.6244163679232608,1,0.9957909012803955,0.1006628219505157
sponge_7_4,0.6220614828209765,0.7562104243799772,0.7572214958328755,1,0.4206165076966484
ball_7_10,0,0.06224695401501971,0.6335355824541792,1,0.8950158218635739
cup_8_7,0,0.0549648568893006,0.6168197436072672,0.544185403858668,1
bowl_3_7,0,0.1229317985629715,0.9506156859115372,1,0.5258125993058265
bowl_3_4,0,0.1205224705274542,0.9369376590055744,1,0.5218423235063998
cup_10_10,0,0.09424585810921558,0.7606807206514455,1,0.7246539071284219
plastic_box_9_1,0.5631548311990687,0.1706632270553399,0.8884433910832595,1,0.5760047788438474
cup_7_9,0,0.06108345210418947,0.7650950605427554,0.7812251883253643,1
to_go_cup_10_4,0,0.1010089971366006,1,0.9082411820738497,0.9958335032704974
bowl_8_9,0,0.1662906035305032,0.9687411830351706,1,0.4371684746976052
plate_4_7,0,0.298465300621364,0.9629813561468564,1,0.144935631383367
tray_10_8,0.917000859352621,0.2680061753644616,0.6236771763144184,1,0.09295250623688045
tray_8_2,0.9576297206017808,0.574839291507634,0.9898192939652004,1,0.111978936609982
bowl_4_1,0,0.1052683250929441,0.9747280280079013,1,0.558778942484978
book_6_2,0.8844045080718854,0.3557286144625005,0.7095765518840287,1,0.1285854669960306
to_go_cup_2_6,0,0.08288911931362722,0.7737061183927623,0.7995067681037671,1
book_2_5,0.8649921507064364,0.1775113688068953,1,0.6889675256473021,0.2024789745240998
metal_box_8_5,0.6438909458094918,0.1724774280908271,0.9228797153184204,1,0.4511454684824815
metal_box_10_9,0.7517501346257405,0.2153194742930537,0.9482482356105514,1,0.2989694795431625
book_8_3,0.9517386722866175,0.4459107307489316,0.7524124268755892,1,0.1031049590162514
cup_6_7,0,0.08156890302265886,0.80444334963454,0.8785387494357783,1
ball_9_9,0,0.1782750220705868,0.8054063434743588,1,0.9869578908763919
sponge_7_2,0.5961199294532628,0.7455510774812072,0.753488933294815,1,0.4187865105815514
ball_1_4,0,0.1551727978022965,0.699427697550447,1,0.8768227637732403
ball_3_6,0,0.3157241321166036,0.6150346199947426,1,0.7912316293240799
bowl_4_8,0,0.09785655815220093,0.9964422597388756,1,0.5622451908107272
ball_1_10,0,0.1549695843052543,0.6867444620770197,1,0.8936825219455713
paper_box_8_6,0.6051107325383305,0.2580551797716678,0.3429046249127648,1,0.2430875858631413
ball_7_8,0,0.0760589872156818,0.633579925142994,1,0.9087992315663312
sponge_10_8,0.9342995169082126,0.757893607736761,0.8973138968811801,1,0.1399087057703118
metal_box_5_2,0.7678625722103983,0.1528074406038301,1,0.7591747120614809,0.3866251603044001
plastic_box_4_9,0.3950524737631184,0.1191331447908566,0.9420667995631594,0.9659753152007351,1
metal_box_9_1,0.678432893716059,0.157691108789079,0.6325027827969234,1,0.3160969896726997
sponge_2_10,0.8387635756056808,0.4065369783813724,0.5658426565434087,1,0.199555961424662
metal_box_6_4,0.8132075471698114,0.2981330477592644,0.9636831642981891,1,0.2261997651770542
ball_4_1,0,0.3582709213499105,0.542978727102783,1,0.8504182392677683
bowl_7_6,0,0.1196884536774617,0.9901095705184118,1,0.7348452578166552
tray_7_7,0,0.3236465586414242,0.5670169670186964,1,0.08348074609471585
plate_9_2,0,0.5022841600565359,0.8894253037765176,1,0.07306517342287962
plastic_box_2_8,0.7577996715927751,0.1998359921030318,0.7844570818032458,1,0.4901850869335765
plastic_box_7_8,0.5266666666666666,0.08408864775111058,0.8171850171228386,0.8575919992028571,1
cup_8_1,0,0.04727658009488028,0.5623226616818321,0.5242416716052877,1
bowl_4_5,0,0.1206930147635355,1,0.999415334113682,0.5776828337664324
metal_box_3_8,0.7306260575296109,0.1344420796553046,0.9505997484314854,1,0.3304220213378595
to_go_cup_7_9,0,0.04545162432001738,0.7650950605427554,0.7812251883253643,1
ball_4_5,0,0.3951092766060588,0.5184189916042529,1,0.7719911202538147
bowl_4_7,0,0.1143455280418976,0.9729801208967218,1,0.5767226251700516
to_go_cup_5_2,0,0.09317046168193767,0.9817313710286274,1,0.8457524554540216
plate_8_7,0.5495025281357038,0.2912131887775427,0.9668724181093539,1,0.2074315371559225
metal_box_1_7,0.5135440180586908,0.1319364473270607,0.9805778701681374,1,0.8109719346092004
ball_2_4,0,0.2243636437678949,0.7985800764600423,1,0.9616361931157796
sponge_4_1,0.7536525974025974,0.5460735433862758,0.8403323677044847,1,0.3191719292625474
cup_6_9,0,0.077538990862073,0.8359807672099836,0.8651102628917594,1
plastic_box_2_10,0.7349794238683127,0.2263979714861197,0.8086872660986679,1,0.5608722884508196
plastic_box_9_4,0.5639769452449568,0.1633333691934747,0.9101275706136848,1,0.5639715987710651
plate_3_2,0,0.3112617502224954,0.9837922243773165,1,0.1084938901878133
book_7_9,0.9967756794104099,0.3354099160389357,0.6749063668124964,1,0.06170195015328456
ball_9_4,0,0.1689691278480015,0.8001686922542816,0.9956059074449717,1
metal_box_2_10,0.5585161964472309,0.1664283576280362,0.9124414548792554,1,0.6921725388568203
bowl_10_10,0,0.07606612776734745,0.9260235282099494,1,0.5087473608476891
metal_box_1_6,0.5087620124364047,0.1260964774319093,0.9354754633019139,1,0.8277390267553941
plate_10_9,0,0.2870942138485977,0.7941499091997084,1,0.1087449256752036
plastic_box_5_8,0.9291014014839242,0.1589117504973905,1,0.8534750232145221,0.332751563451183
metal_box_6_10,0.8113828786453434,0.2849686889906664,0.9509155956055775,1,0.2233686952738557
paper_box_10_4,0.6783496007098492,0.1944500026122249,0.9292964981492575,1,0.5137911541143365
tray_10_6,0.9165949512335054,0.3184132722530054,0.621198960962288,1,0.09290752238956011
book_9_3,0.947360248447205,0.2412405148978769,0.7054110141948408,1,0.09725470237614302
paper_box_10_7,0.6808888888888889,0.1882801608197462,0.9045240367147536,1,0.5023281796127655
metal_box_9_2,0.6770150404936367,0.1784726344363234,0.6338287420892795,1,0.3127683729079665
